0.000,"Info","2001-04-22 03:20:30","Service 'E_ymaze_droso' : Execution start"
0.000,"Info","Subject Identification","Y057"
0.000,"Info","Apparatus","Zantiks Unit"
0.000,"Info","Unit ID","0107D3"
"TIME","","","ARENA","ACTION","ZONE"
601.363,"Info","Arena",1,"Enter_Zone",2
601.363,"Info","Arena",2,"Enter_Zone",1
601.363,"Info","Arena",3,"Enter_Zone",3
601.363,"Info","Arena",4,"Enter_Zone",1
601.363,"Info","Arena",5,"Enter_Zone",4
601.363,"Info","Arena",6,"Enter_Zone",1
601.363,"Info","Arena",7,"Enter_Zone",4
601.363,"Info","Arena",8,"Enter_Zone",1
601.363,"Info","Arena",9,"Enter_Zone",3
601.363,"Info","Arena",10,"Enter_Zone",3
601.363,"Info","Arena",11,"Enter_Zone",3
601.363,"Info","Arena",12,"Enter_Zone",2
601.363,"Info","Arena",14,"Enter_Zone",1
602.163,"Info","Arena",7,"Exit_Zone",4
602.163,"Info","Arena",7,"Enter_Zone",1
604.098,"Info","Arena",6,"Exit_Zone",1
604.098,"Info","Arena",6,"Enter_Zone",4
606.462,"Info","Arena",7,"Exit_Zone",1
606.462,"Info","Arena",7,"Enter_Zone",4
606.597,"Info","Arena",6,"Exit_Zone",4
606.597,"Info","Arena",6,"Enter_Zone",3
607.495,"Info","Arena",3,"Exit_Zone",3
607.495,"Info","Arena",3,"Enter_Zone",4
608.973,"Info","Arena",7,"Exit_Zone",4
608.973,"Info","Arena",7,"Enter_Zone",3
613.962,"Info","Arena",7,"Exit_Zone",3
613.962,"Info","Arena",7,"Enter_Zone",4
614.394,"Info","Arena",5,"Exit_Zone",4
614.394,"Info","Arena",5,"Enter_Zone",3
614.429,"Info","Arena",5,"Exit_Zone",3
614.429,"Info","Arena",5,"Enter_Zone",4
614.460,"Info","Arena",5,"Exit_Zone",4
614.460,"Info","Arena",5,"Enter_Zone",3
615.460,"Info","Arena",7,"Exit_Zone",4
615.460,"Info","Arena",7,"Enter_Zone",2
616.127,"Info","Arena",6,"Exit_Zone",3
616.127,"Info","Arena",6,"Enter_Zone",4
621.059,"Info","Arena",6,"Exit_Zone",4
621.059,"Info","Arena",6,"Enter_Zone",2
623.192,"Info","Arena",7,"Exit_Zone",2
623.192,"Info","Arena",7,"Enter_Zone",4
625.025,"Info","Arena",3,"Exit_Zone",4
625.025,"Info","Arena",3,"Enter_Zone",2
625.125,"Info","Arena",3,"Exit_Zone",2
625.125,"Info","Arena",3,"Enter_Zone",4
625.158,"Info","Arena",3,"Exit_Zone",4
625.158,"Info","Arena",3,"Enter_Zone",2
625.158,"Info","Arena",7,"Exit_Zone",4
625.158,"Info","Arena",7,"Enter_Zone",1
630.857,"Info","Arena",3,"Exit_Zone",2
630.857,"Info","Arena",3,"Enter_Zone",4
631.224,"Info","Arena",3,"Exit_Zone",4
631.224,"Info","Arena",3,"Enter_Zone",2
632.623,"Info","Arena",7,"Exit_Zone",1
632.623,"Info","Arena",7,"Enter_Zone",4
633.023,"Info","Arena",7,"Exit_Zone",4
633.023,"Info","Arena",7,"Enter_Zone",1
633.223,"Info","Arena",7,"Exit_Zone",1
633.223,"Info","Arena",7,"Enter_Zone",4
634.093,"Info","Arena",6,"Exit_Zone",2
634.093,"Info","Arena",6,"Enter_Zone",4
636.289,"Info","Arena",6,"Exit_Zone",4
636.289,"Info","Arena",6,"Enter_Zone",3
636.356,"Info","Arena",7,"Exit_Zone",4
636.356,"Info","Arena",7,"Enter_Zone",3
636.425,"Info","Arena",7,"Exit_Zone",3
636.425,"Info","Arena",7,"Enter_Zone",4
636.489,"Info","Arena",7,"Exit_Zone",4
636.489,"Info","Arena",7,"Enter_Zone",3
636.623,"Info","Arena",7,"Exit_Zone",3
636.623,"Info","Arena",7,"Enter_Zone",4
636.689,"Info","Arena",7,"Exit_Zone",4
636.689,"Info","Arena",7,"Enter_Zone",3
636.789,"Info","Arena",7,"Exit_Zone",3
636.789,"Info","Arena",7,"Enter_Zone",4
636.856,"Info","Arena",7,"Exit_Zone",4
636.856,"Info","Arena",7,"Enter_Zone",3
637.056,"Info","Arena",7,"Exit_Zone",3
637.056,"Info","Arena",7,"Enter_Zone",4
637.091,"Info","Arena",7,"Exit_Zone",4
637.091,"Info","Arena",7,"Enter_Zone",3
637.522,"Info","Arena",7,"Exit_Zone",3
637.522,"Info","Arena",7,"Enter_Zone",4
637.556,"Info","Arena",7,"Exit_Zone",4
637.556,"Info","Arena",7,"Enter_Zone",3
637.622,"Info","Arena",3,"Exit_Zone",2
637.622,"Info","Arena",3,"Enter_Zone",4
637.822,"Info","Arena",7,"Exit_Zone",3
637.822,"Info","Arena",7,"Enter_Zone",4
637.856,"Info","Arena",7,"Exit_Zone",4
637.856,"Info","Arena",7,"Enter_Zone",3
638.056,"Info","Arena",7,"Exit_Zone",3
638.056,"Info","Arena",7,"Enter_Zone",4
638.091,"Info","Arena",7,"Exit_Zone",4
638.091,"Info","Arena",7,"Enter_Zone",3
638.389,"Info","Arena",7,"Exit_Zone",3
638.389,"Info","Arena",7,"Enter_Zone",4
638.424,"Info","Arena",7,"Exit_Zone",4
638.424,"Info","Arena",7,"Enter_Zone",3
638.556,"Info","Arena",7,"Exit_Zone",3
638.556,"Info","Arena",7,"Enter_Zone",4
638.591,"Info","Arena",7,"Exit_Zone",4
638.591,"Info","Arena",7,"Enter_Zone",3
638.991,"Info","Arena",7,"Exit_Zone",3
638.991,"Info","Arena",7,"Enter_Zone",4
639.024,"Info","Arena",7,"Exit_Zone",4
639.024,"Info","Arena",7,"Enter_Zone",3
639.123,"Info","Arena",7,"Exit_Zone",3
639.123,"Info","Arena",7,"Enter_Zone",4
639.157,"Info","Arena",7,"Exit_Zone",4
639.157,"Info","Arena",7,"Enter_Zone",3
644.654,"Info","Arena",7,"Exit_Zone",3
644.654,"Info","Arena",7,"Enter_Zone",4
646.854,"Info","Arena",7,"Exit_Zone",4
646.854,"Info","Arena",7,"Enter_Zone",2
653.088,"Info","Arena",7,"Exit_Zone",2
653.088,"Info","Arena",7,"Enter_Zone",4
654.421,"Info","Arena",7,"Exit_Zone",4
654.421,"Info","Arena",7,"Enter_Zone",1
655.119,"Info","Arena",6,"Exit_Zone",3
655.119,"Info","Arena",6,"Enter_Zone",4
659.451,"Info","Arena",6,"Exit_Zone",4
659.451,"Info","Arena",6,"Enter_Zone",1
665.919,"Info","Arena",13,"Enter_Zone",3
668.283,"Info","Arena",7,"Exit_Zone",1
668.283,"Info","Arena",7,"Enter_Zone",4
671.116,"Info","Arena",7,"Exit_Zone",4
671.116,"Info","Arena",7,"Enter_Zone",2
673.548,"Info","Arena",6,"Exit_Zone",1
673.548,"Info","Arena",6,"Enter_Zone",4
677.084,"Info","Arena",6,"Exit_Zone",4
677.084,"Info","Arena",6,"Enter_Zone",2
678.281,"Info","Arena",3,"Exit_Zone",4
678.281,"Info","Arena",3,"Enter_Zone",1
678.647,"Info","Arena",3,"Exit_Zone",1
678.647,"Info","Arena",3,"Enter_Zone",4
679.447,"Info","Arena",3,"Exit_Zone",4
679.447,"Info","Arena",3,"Enter_Zone",1
680.614,"Info","Arena",4,"Exit_Zone",1
680.614,"Info","Arena",4,"Enter_Zone",4
681.514,"Info","Arena",7,"Exit_Zone",2
681.514,"Info","Arena",7,"Enter_Zone",4
683.880,"Info","Arena",4,"Exit_Zone",4
683.880,"Info","Arena",4,"Enter_Zone",3
685.379,"Info","Arena",7,"Exit_Zone",4
685.379,"Info","Arena",7,"Enter_Zone",3
688.879,"Info","Arena",6,"Exit_Zone",2
688.879,"Info","Arena",6,"Enter_Zone",4
692.611,"Info","Arena",6,"Exit_Zone",4
692.611,"Info","Arena",6,"Enter_Zone",3
693.611,"Info","Arena",7,"Exit_Zone",3
693.611,"Info","Arena",7,"Enter_Zone",4
698.177,"Info","Arena",7,"Exit_Zone",4
698.177,"Info","Arena",7,"Enter_Zone",2
701.578,"Info","Arena",7,"Exit_Zone",2
701.578,"Info","Arena",7,"Enter_Zone",4
704.542,"Info","Arena",7,"Exit_Zone",4
704.542,"Info","Arena",7,"Enter_Zone",1
708.078,"Info","Arena",4,"Exit_Zone",3
708.078,"Info","Arena",4,"Enter_Zone",4
708.508,"Info","Arena",3,"Exit_Zone",1
708.508,"Info","Arena",3,"Enter_Zone",4
708.910,"Info","Arena",7,"Exit_Zone",1
708.910,"Info","Arena",7,"Enter_Zone",4
710.674,"Info","Arena",4,"Exit_Zone",4
710.674,"Info","Arena",4,"Enter_Zone",2
711.641,"Info","Arena",7,"Exit_Zone",4
711.641,"Info","Arena",7,"Enter_Zone",2
714.974,"Info","Arena",3,"Exit_Zone",4
714.974,"Info","Arena",3,"Enter_Zone",3
716.873,"Info","Arena",7,"Exit_Zone",2
716.873,"Info","Arena",7,"Enter_Zone",4
718.908,"Info","Arena",7,"Exit_Zone",4
718.908,"Info","Arena",7,"Enter_Zone",1
719.673,"Info","Arena",6,"Exit_Zone",3
719.673,"Info","Arena",6,"Enter_Zone",4
724.972,"Info","Arena",4,"Exit_Zone",2
724.972,"Info","Arena",4,"Enter_Zone",4
725.005,"Info","Arena",4,"Exit_Zone",4
725.005,"Info","Arena",4,"Enter_Zone",2
725.038,"Info","Arena",4,"Exit_Zone",2
725.038,"Info","Arena",4,"Enter_Zone",4
727.038,"Info","Arena",7,"Exit_Zone",1
727.038,"Info","Arena",7,"Enter_Zone",4
728.637,"Info","Arena",7,"Exit_Zone",4
728.637,"Info","Arena",7,"Enter_Zone",3
728.671,"Info","Arena",4,"Exit_Zone",4
728.671,"Info","Arena",4,"Enter_Zone",3
733.303,"Info","Arena",7,"Exit_Zone",3
733.303,"Info","Arena",7,"Enter_Zone",4
733.870,"Info","Arena",6,"Exit_Zone",4
733.870,"Info","Arena",6,"Enter_Zone",2
740.768,"Info","Arena",3,"Exit_Zone",3
740.768,"Info","Arena",3,"Enter_Zone",4
745.601,"Info","Arena",4,"Exit_Zone",3
745.601,"Info","Arena",4,"Enter_Zone",4
746.069,"Info","Arena",6,"Exit_Zone",2
746.069,"Info","Arena",6,"Enter_Zone",4
747.700,"Info","Arena",7,"Exit_Zone",4
747.700,"Info","Arena",7,"Enter_Zone",2
748.534,"Info","Arena",4,"Exit_Zone",4
748.534,"Info","Arena",4,"Enter_Zone",1
749.167,"Info","Arena",3,"Exit_Zone",4
749.167,"Info","Arena",3,"Enter_Zone",2
751.133,"Info","Arena",7,"Exit_Zone",2
751.133,"Info","Arena",7,"Enter_Zone",4
752.599,"Info","Arena",7,"Exit_Zone",4
752.599,"Info","Arena",7,"Enter_Zone",1
755.266,"Info","Arena",4,"Exit_Zone",1
755.266,"Info","Arena",4,"Enter_Zone",4
757.265,"Info","Arena",4,"Exit_Zone",4
757.265,"Info","Arena",4,"Enter_Zone",2
758.234,"Info","Arena",7,"Exit_Zone",1
758.234,"Info","Arena",7,"Enter_Zone",4
759.973,"Info","Arena",7,"Exit_Zone",4
759.973,"Info","Arena",7,"Enter_Zone",3
765.899,"Info","Arena",6,"Exit_Zone",4
765.899,"Info","Arena",6,"Enter_Zone",3
771.829,"Info","Arena",6,"Exit_Zone",3
771.829,"Info","Arena",6,"Enter_Zone",4
772.795,"Info","Arena",7,"Exit_Zone",3
772.795,"Info","Arena",7,"Enter_Zone",4
772.995,"Info","Arena",7,"Exit_Zone",4
772.995,"Info","Arena",7,"Enter_Zone",3
773.595,"Info","Arena",6,"Exit_Zone",4
773.595,"Info","Arena",6,"Enter_Zone",1
776.628,"Info","Arena",7,"Exit_Zone",3
776.628,"Info","Arena",7,"Enter_Zone",4
778.230,"Info","Arena",7,"Exit_Zone",4
778.230,"Info","Arena",7,"Enter_Zone",2
780.229,"Info","Arena",5,"Exit_Zone",3
780.229,"Info","Arena",5,"Enter_Zone",4
782.293,"Info","Arena",6,"Exit_Zone",1
782.293,"Info","Arena",6,"Enter_Zone",4
782.460,"Info","Arena",7,"Exit_Zone",2
782.460,"Info","Arena",7,"Enter_Zone",4
783.729,"Info","Arena",6,"Exit_Zone",4
783.729,"Info","Arena",6,"Enter_Zone",2
783.928,"Info","Arena",7,"Exit_Zone",4
783.928,"Info","Arena",7,"Enter_Zone",1
790.159,"Info","Arena",5,"Exit_Zone",4
790.159,"Info","Arena",5,"Enter_Zone",2
791.958,"Info","Arena",6,"Exit_Zone",2
791.958,"Info","Arena",6,"Enter_Zone",4
796.757,"Info","Arena",7,"Exit_Zone",1
796.757,"Info","Arena",7,"Enter_Zone",4
797.490,"Info","Arena",6,"Exit_Zone",4
797.490,"Info","Arena",6,"Enter_Zone",1
798.457,"Info","Arena",7,"Exit_Zone",4
798.457,"Info","Arena",7,"Enter_Zone",2
800.023,"Info","Arena",6,"Exit_Zone",1
800.023,"Info","Arena",6,"Enter_Zone",4
801.725,"Info","Arena",6,"Exit_Zone",4
801.725,"Info","Arena",6,"Enter_Zone",2
803.656,"Info","Arena",7,"Exit_Zone",2
803.656,"Info","Arena",7,"Enter_Zone",4
808.655,"Info","Arena",6,"Exit_Zone",2
808.655,"Info","Arena",6,"Enter_Zone",4
810.821,"Info","Arena",6,"Exit_Zone",4
810.821,"Info","Arena",6,"Enter_Zone",3
816.853,"Info","Arena",6,"Exit_Zone",3
816.853,"Info","Arena",6,"Enter_Zone",4
818.320,"Info","Arena",6,"Exit_Zone",4
818.320,"Info","Arena",6,"Enter_Zone",1
822.352,"Info","Arena",7,"Exit_Zone",4
822.352,"Info","Arena",7,"Enter_Zone",3
822.852,"Info","Arena",7,"Exit_Zone",3
822.852,"Info","Arena",7,"Enter_Zone",4
828.351,"Info","Arena",6,"Exit_Zone",1
828.351,"Info","Arena",6,"Enter_Zone",4
830.151,"Info","Arena",6,"Exit_Zone",4
830.151,"Info","Arena",6,"Enter_Zone",2
833.750,"Info","Arena",5,"Exit_Zone",2
833.750,"Info","Arena",5,"Enter_Zone",4
841.115,"Info","Arena",6,"Exit_Zone",2
841.115,"Info","Arena",6,"Enter_Zone",4
841.315,"Info","Arena",5,"Exit_Zone",4
841.315,"Info","Arena",5,"Enter_Zone",3
847.181,"Info","Arena",7,"Exit_Zone",4
847.181,"Info","Arena",7,"Enter_Zone",1
849.280,"Info","Arena",6,"Exit_Zone",4
849.280,"Info","Arena",6,"Enter_Zone",1
849.314,"Info","Arena",6,"Exit_Zone",1
849.314,"Info","Arena",6,"Enter_Zone",4
849.647,"Info","Arena",6,"Exit_Zone",4
849.647,"Info","Arena",6,"Enter_Zone",1
855.412,"Info","Arena",7,"Exit_Zone",1
855.412,"Info","Arena",7,"Enter_Zone",4
857.381,"Info","Arena",7,"Exit_Zone",4
857.381,"Info","Arena",7,"Enter_Zone",3
865.546,"Info","Arena",7,"Exit_Zone",3
865.546,"Info","Arena",7,"Enter_Zone",4
865.879,"Info","Arena",6,"Exit_Zone",1
865.879,"Info","Arena",6,"Enter_Zone",4
867.310,"Info","Arena",7,"Exit_Zone",4
867.310,"Info","Arena",7,"Enter_Zone",2
868.410,"Info","Arena",6,"Exit_Zone",4
868.410,"Info","Arena",6,"Enter_Zone",2
873.275,"Info","Arena",7,"Exit_Zone",2
873.275,"Info","Arena",7,"Enter_Zone",4
877.441,"Info","Arena",4,"Exit_Zone",2
877.441,"Info","Arena",4,"Enter_Zone",4
878.674,"Info","Arena",7,"Exit_Zone",4
878.674,"Info","Arena",7,"Enter_Zone",1
879.341,"Info","Arena",6,"Exit_Zone",2
879.341,"Info","Arena",6,"Enter_Zone",4
880.543,"Info","Arena",6,"Exit_Zone",4
880.543,"Info","Arena",6,"Enter_Zone",3
884.542,"Info","Arena",6,"Exit_Zone",3
884.542,"Info","Arena",6,"Enter_Zone",4
884.875,"Info","Arena",7,"Exit_Zone",1
884.875,"Info","Arena",7,"Enter_Zone",4
885.375,"Info","Arena",4,"Exit_Zone",4
885.375,"Info","Arena",4,"Enter_Zone",3
885.708,"Info","Arena",4,"Exit_Zone",3
885.708,"Info","Arena",4,"Enter_Zone",4
885.773,"Info","Arena",4,"Exit_Zone",4
885.773,"Info","Arena",4,"Enter_Zone",3
885.906,"Info","Arena",4,"Exit_Zone",3
885.906,"Info","Arena",4,"Enter_Zone",4
885.939,"Info","Arena",4,"Exit_Zone",4
885.939,"Info","Arena",4,"Enter_Zone",3
886.042,"Info","Arena",4,"Exit_Zone",3
886.042,"Info","Arena",4,"Enter_Zone",4
886.106,"Info","Arena",4,"Exit_Zone",4
886.106,"Info","Arena",4,"Enter_Zone",3
886.208,"Info","Arena",4,"Exit_Zone",3
886.208,"Info","Arena",4,"Enter_Zone",4
886.239,"Info","Arena",4,"Exit_Zone",4
886.239,"Info","Arena",4,"Enter_Zone",3
886.541,"Info","Arena",4,"Exit_Zone",3
886.541,"Info","Arena",4,"Enter_Zone",4
886.708,"Info","Arena",4,"Exit_Zone",4
886.708,"Info","Arena",4,"Enter_Zone",3
886.906,"Info","Arena",4,"Exit_Zone",3
886.906,"Info","Arena",4,"Enter_Zone",4
886.939,"Info","Arena",4,"Exit_Zone",4
886.939,"Info","Arena",4,"Enter_Zone",3
886.939,"Info","Arena",7,"Exit_Zone",4
886.939,"Info","Arena",7,"Enter_Zone",3
887.006,"Info","Arena",4,"Exit_Zone",3
887.006,"Info","Arena",4,"Enter_Zone",4
887.041,"Info","Arena",4,"Exit_Zone",4
887.041,"Info","Arena",4,"Enter_Zone",3
887.273,"Info","Arena",4,"Exit_Zone",3
887.273,"Info","Arena",4,"Enter_Zone",4
887.606,"Info","Arena",4,"Exit_Zone",4
887.606,"Info","Arena",4,"Enter_Zone",3
887.639,"Info","Arena",4,"Exit_Zone",3
887.639,"Info","Arena",4,"Enter_Zone",4
887.708,"Info","Arena",4,"Exit_Zone",4
887.708,"Info","Arena",4,"Enter_Zone",3
887.772,"Info","Arena",4,"Exit_Zone",3
887.772,"Info","Arena",4,"Enter_Zone",4
887.874,"Info","Arena",4,"Exit_Zone",4
887.874,"Info","Arena",4,"Enter_Zone",3
887.906,"Info","Arena",4,"Exit_Zone",3
887.906,"Info","Arena",4,"Enter_Zone",4
887.939,"Info","Arena",4,"Exit_Zone",4
887.939,"Info","Arena",4,"Enter_Zone",3
888.006,"Info","Arena",4,"Exit_Zone",3
888.006,"Info","Arena",4,"Enter_Zone",4
888.041,"Info","Arena",4,"Exit_Zone",4
888.041,"Info","Arena",4,"Enter_Zone",3
888.072,"Info","Arena",4,"Exit_Zone",3
888.072,"Info","Arena",4,"Enter_Zone",4
888.106,"Info","Arena",4,"Exit_Zone",4
888.106,"Info","Arena",4,"Enter_Zone",3
888.172,"Info","Arena",4,"Exit_Zone",3
888.172,"Info","Arena",4,"Enter_Zone",4
888.208,"Info","Arena",4,"Exit_Zone",4
888.208,"Info","Arena",4,"Enter_Zone",3
888.272,"Info","Arena",4,"Exit_Zone",3
888.272,"Info","Arena",4,"Enter_Zone",4
888.306,"Info","Arena",4,"Exit_Zone",4
888.306,"Info","Arena",4,"Enter_Zone",3
888.339,"Info","Arena",6,"Exit_Zone",4
888.339,"Info","Arena",6,"Enter_Zone",1
888.406,"Info","Arena",4,"Exit_Zone",3
888.406,"Info","Arena",4,"Enter_Zone",4
888.506,"Info","Arena",4,"Exit_Zone",4
888.506,"Info","Arena",4,"Enter_Zone",3
888.639,"Info","Arena",4,"Exit_Zone",3
888.639,"Info","Arena",4,"Enter_Zone",4
888.672,"Info","Arena",4,"Exit_Zone",4
888.672,"Info","Arena",4,"Enter_Zone",3
893.005,"Info","Arena",7,"Exit_Zone",3
893.005,"Info","Arena",7,"Enter_Zone",4
894.438,"Info","Arena",7,"Exit_Zone",4
894.438,"Info","Arena",7,"Enter_Zone",2
896.671,"Info","Arena",6,"Exit_Zone",1
896.671,"Info","Arena",6,"Enter_Zone",4
899.872,"Info","Arena",7,"Exit_Zone",2
899.872,"Info","Arena",7,"Enter_Zone",4
901.103,"Info","Arena",6,"Exit_Zone",4
901.103,"Info","Arena",6,"Enter_Zone",2
901.136,"Info","Arena",6,"Exit_Zone",2
901.136,"Info","Arena",6,"Enter_Zone",4
901.470,"Info","Arena",6,"Exit_Zone",4
901.470,"Info","Arena",6,"Enter_Zone",2
903.371,"Info","Arena",7,"Exit_Zone",4
903.371,"Info","Arena",7,"Enter_Zone",1
909.235,"Info","Arena",6,"Exit_Zone",2
909.235,"Info","Arena",6,"Enter_Zone",4
909.335,"Info","Arena",7,"Exit_Zone",1
909.335,"Info","Arena",7,"Enter_Zone",4
909.735,"Info","Arena",6,"Exit_Zone",4
909.735,"Info","Arena",6,"Enter_Zone",2
910.037,"Info","Arena",6,"Exit_Zone",2
910.037,"Info","Arena",6,"Enter_Zone",4
910.601,"Info","Arena",7,"Exit_Zone",4
910.601,"Info","Arena",7,"Enter_Zone",3
912.901,"Info","Arena",6,"Exit_Zone",4
912.901,"Info","Arena",6,"Enter_Zone",3
913.369,"Info","Arena",3,"Exit_Zone",2
913.369,"Info","Arena",3,"Enter_Zone",4
915.972,"Info","Arena",7,"Exit_Zone",3
915.972,"Info","Arena",7,"Enter_Zone",4
917.868,"Info","Arena",7,"Exit_Zone",4
917.868,"Info","Arena",7,"Enter_Zone",2
921.066,"Info","Arena",6,"Exit_Zone",3
921.066,"Info","Arena",6,"Enter_Zone",4
921.132,"Info","Arena",3,"Exit_Zone",4
921.132,"Info","Arena",3,"Enter_Zone",3
924.132,"Info","Arena",6,"Exit_Zone",4
924.132,"Info","Arena",6,"Enter_Zone",1
924.165,"Info","Arena",6,"Exit_Zone",1
924.165,"Info","Arena",6,"Enter_Zone",4
924.398,"Info","Arena",6,"Exit_Zone",4
924.398,"Info","Arena",6,"Enter_Zone",1
928.498,"Info","Arena",7,"Exit_Zone",2
928.498,"Info","Arena",7,"Enter_Zone",4
931.199,"Info","Arena",7,"Exit_Zone",4
931.199,"Info","Arena",7,"Enter_Zone",1
931.231,"Info","Arena",7,"Exit_Zone",1
931.231,"Info","Arena",7,"Enter_Zone",4
931.397,"Info","Arena",7,"Exit_Zone",4
931.397,"Info","Arena",7,"Enter_Zone",1
931.430,"Info","Arena",7,"Exit_Zone",1
931.430,"Info","Arena",7,"Enter_Zone",4
931.464,"Info","Arena",7,"Exit_Zone",4
931.464,"Info","Arena",7,"Enter_Zone",1
935.896,"Info","Arena",7,"Exit_Zone",1
935.896,"Info","Arena",7,"Enter_Zone",4
937.199,"Info","Arena",6,"Exit_Zone",1
937.199,"Info","Arena",6,"Enter_Zone",4
937.296,"Info","Arena",7,"Exit_Zone",4
937.296,"Info","Arena",7,"Enter_Zone",3
938.429,"Info","Arena",6,"Exit_Zone",4
938.429,"Info","Arena",6,"Enter_Zone",2
940.762,"Info","Arena",7,"Exit_Zone",3
940.762,"Info","Arena",7,"Enter_Zone",4
944.032,"Info","Arena",7,"Exit_Zone",4
944.032,"Info","Arena",7,"Enter_Zone",2
945.294,"Info","Arena",6,"Exit_Zone",2
945.294,"Info","Arena",6,"Enter_Zone",4
947.094,"Info","Arena",3,"Exit_Zone",3
947.094,"Info","Arena",3,"Enter_Zone",4
951.393,"Info","Arena",7,"Exit_Zone",2
951.393,"Info","Arena",7,"Enter_Zone",4
952.093,"Info","Arena",7,"Exit_Zone",4
952.093,"Info","Arena",7,"Enter_Zone",2
952.260,"Info","Arena",6,"Exit_Zone",4
952.260,"Info","Arena",6,"Enter_Zone",1
952.293,"Info","Arena",7,"Exit_Zone",2
952.293,"Info","Arena",7,"Enter_Zone",4
952.393,"Info","Arena",6,"Exit_Zone",1
952.393,"Info","Arena",6,"Enter_Zone",4
952.426,"Info","Arena",6,"Exit_Zone",4
952.426,"Info","Arena",6,"Enter_Zone",1
952.493,"Info","Arena",6,"Exit_Zone",1
952.493,"Info","Arena",6,"Enter_Zone",4
954.528,"Info","Arena",7,"Exit_Zone",4
954.528,"Info","Arena",7,"Enter_Zone",1
954.826,"Info","Arena",3,"Exit_Zone",4
954.826,"Info","Arena",3,"Enter_Zone",1
955.626,"Info","Arena",6,"Exit_Zone",4
955.626,"Info","Arena",6,"Enter_Zone",1
962.924,"Info","Arena",7,"Exit_Zone",1
962.924,"Info","Arena",7,"Enter_Zone",4
966.823,"Info","Arena",7,"Exit_Zone",4
966.823,"Info","Arena",7,"Enter_Zone",2
975.488,"Info","Arena",7,"Exit_Zone",2
975.488,"Info","Arena",7,"Enter_Zone",4
977.288,"Info","Arena",7,"Exit_Zone",4
977.288,"Info","Arena",7,"Enter_Zone",1
983.920,"Info","Arena",7,"Exit_Zone",1
983.920,"Info","Arena",7,"Enter_Zone",4
984.753,"Info","Arena",6,"Exit_Zone",1
984.753,"Info","Arena",6,"Enter_Zone",4
984.753,"Info","Arena",7,"Exit_Zone",4
984.753,"Info","Arena",7,"Enter_Zone",3
988.052,"Info","Arena",6,"Exit_Zone",4
988.052,"Info","Arena",6,"Enter_Zone",3
990.919,"Info","Arena",7,"Exit_Zone",3
990.919,"Info","Arena",7,"Enter_Zone",4
992.687,"Info","Arena",7,"Exit_Zone",4
992.687,"Info","Arena",7,"Enter_Zone",2
997.717,"Info","Arena",7,"Exit_Zone",2
997.717,"Info","Arena",7,"Enter_Zone",4
999.284,"Info","Arena",7,"Exit_Zone",4
999.284,"Info","Arena",7,"Enter_Zone",1
999.817,"Info","Arena",6,"Exit_Zone",3
999.817,"Info","Arena",6,"Enter_Zone",4
1004.116,"Info","Arena",6,"Exit_Zone",4
1004.116,"Info","Arena",6,"Enter_Zone",1
1006.351,"Info","Arena",7,"Exit_Zone",1
1006.351,"Info","Arena",7,"Enter_Zone",4
1008.882,"Info","Arena",7,"Exit_Zone",4
1008.882,"Info","Arena",7,"Enter_Zone",3
1014.381,"Info","Arena",7,"Exit_Zone",3
1014.381,"Info","Arena",7,"Enter_Zone",4
1015.849,"Info","Arena",7,"Exit_Zone",4
1015.849,"Info","Arena",7,"Enter_Zone",2
1023.879,"Info","Arena",7,"Exit_Zone",2
1023.879,"Info","Arena",7,"Enter_Zone",4
1024.847,"Info","Arena",6,"Exit_Zone",1
1024.847,"Info","Arena",6,"Enter_Zone",4
1026.311,"Info","Arena",6,"Exit_Zone",4
1026.311,"Info","Arena",6,"Enter_Zone",3
1027.013,"Info","Arena",7,"Exit_Zone",4
1027.013,"Info","Arena",7,"Enter_Zone",1
1036.678,"Info","Arena",6,"Exit_Zone",3
1036.678,"Info","Arena",6,"Enter_Zone",4
1037.012,"Info","Arena",7,"Exit_Zone",1
1037.012,"Info","Arena",7,"Enter_Zone",4
1038.709,"Info","Arena",7,"Exit_Zone",4
1038.709,"Info","Arena",7,"Enter_Zone",3
1041.677,"Info","Arena",6,"Exit_Zone",4
1041.677,"Info","Arena",6,"Enter_Zone",2
1044.177,"Info","Arena",7,"Exit_Zone",3
1044.177,"Info","Arena",7,"Enter_Zone",4
1049.274,"Info","Arena",14,"Exit_Zone",1
1049.274,"Info","Arena",14,"Enter_Zone",4
1050.207,"Info","Arena",7,"Exit_Zone",4
1050.207,"Info","Arena",7,"Enter_Zone",1
1052.207,"Info","Arena",6,"Exit_Zone",2
1052.207,"Info","Arena",6,"Enter_Zone",4
1054.973,"Info","Arena",14,"Exit_Zone",4
1054.973,"Info","Arena",14,"Enter_Zone",1
1055.739,"Info","Arena",6,"Exit_Zone",4
1055.739,"Info","Arena",6,"Enter_Zone",3
1056.539,"Info","Arena",7,"Exit_Zone",1
1056.539,"Info","Arena",7,"Enter_Zone",4
1059.040,"Info","Arena",7,"Exit_Zone",4
1059.040,"Info","Arena",7,"Enter_Zone",2
1063.871,"Info","Arena",7,"Exit_Zone",2
1063.871,"Info","Arena",7,"Enter_Zone",4
1066.770,"Info","Arena",6,"Exit_Zone",3
1066.770,"Info","Arena",6,"Enter_Zone",4
1071.369,"Info","Arena",6,"Exit_Zone",4
1071.369,"Info","Arena",6,"Enter_Zone",1
1076.504,"Info","Arena",7,"Exit_Zone",4
1076.504,"Info","Arena",7,"Enter_Zone",3
1082.502,"Info","Arena",6,"Exit_Zone",1
1082.502,"Info","Arena",6,"Enter_Zone",4
1084.267,"Info","Arena",7,"Exit_Zone",3
1084.267,"Info","Arena",7,"Enter_Zone",4
1085.133,"Info","Arena",6,"Exit_Zone",4
1085.133,"Info","Arena",6,"Enter_Zone",3
1091.065,"Info","Arena",6,"Exit_Zone",3
1091.065,"Info","Arena",6,"Enter_Zone",4
1096.333,"Info","Arena",6,"Exit_Zone",4
1096.333,"Info","Arena",6,"Enter_Zone",2
1101.630,"Info","Arena",7,"Exit_Zone",4
1101.630,"Info","Arena",7,"Enter_Zone",1
1107.497,"Info","Arena",7,"Exit_Zone",1
1107.497,"Info","Arena",7,"Enter_Zone",4
1108.262,"Info","Arena",6,"Exit_Zone",2
1108.262,"Info","Arena",6,"Enter_Zone",4
1111.228,"Info","Arena",7,"Exit_Zone",4
1111.228,"Info","Arena",7,"Enter_Zone",2
1111.595,"Info","Arena",6,"Exit_Zone",4
1111.595,"Info","Arena",6,"Enter_Zone",3
1114.394,"Info","Arena",7,"Exit_Zone",2
1114.394,"Info","Arena",7,"Enter_Zone",4
1120.559,"Info","Arena",7,"Exit_Zone",4
1120.559,"Info","Arena",7,"Enter_Zone",3
1120.995,"Info","Arena",6,"Exit_Zone",3
1120.995,"Info","Arena",6,"Enter_Zone",4
1123.592,"Info","Arena",6,"Exit_Zone",4
1123.592,"Info","Arena",6,"Enter_Zone",2
1128.827,"Info","Arena",7,"Exit_Zone",3
1128.827,"Info","Arena",7,"Enter_Zone",4
1131.791,"Info","Arena",7,"Exit_Zone",4
1131.791,"Info","Arena",7,"Enter_Zone",2
1132.124,"Info","Arena",6,"Exit_Zone",2
1132.124,"Info","Arena",6,"Enter_Zone",4
1133.492,"Info","Arena",6,"Exit_Zone",4
1133.492,"Info","Arena",6,"Enter_Zone",1
1135.756,"Info","Arena",7,"Exit_Zone",2
1135.756,"Info","Arena",7,"Enter_Zone",4
1137.223,"Info","Arena",7,"Exit_Zone",4
1137.223,"Info","Arena",7,"Enter_Zone",1
1139.356,"Info","Arena",6,"Exit_Zone",1
1139.356,"Info","Arena",6,"Enter_Zone",4
1141.824,"Info","Arena",6,"Exit_Zone",4
1141.824,"Info","Arena",6,"Enter_Zone",3
1142.222,"Info","Arena",7,"Exit_Zone",1
1142.222,"Info","Arena",7,"Enter_Zone",4
1144.055,"Info","Arena",7,"Exit_Zone",4
1144.055,"Info","Arena",7,"Enter_Zone",3
1148.489,"Info","Arena",7,"Exit_Zone",3
1148.489,"Info","Arena",7,"Enter_Zone",4
1150.253,"Info","Arena",7,"Exit_Zone",4
1150.253,"Info","Arena",7,"Enter_Zone",2
1156.186,"Info","Arena",4,"Exit_Zone",3
1156.186,"Info","Arena",4,"Enter_Zone",4
1156.419,"Info","Arena",7,"Exit_Zone",2
1156.419,"Info","Arena",7,"Enter_Zone",4
1157.654,"Info","Arena",7,"Exit_Zone",4
1157.654,"Info","Arena",7,"Enter_Zone",1
1158.085,"Info","Arena",6,"Exit_Zone",3
1158.085,"Info","Arena",6,"Enter_Zone",4
1161.185,"Info","Arena",4,"Exit_Zone",4
1161.185,"Info","Arena",4,"Enter_Zone",1
1163.617,"Info","Arena",7,"Exit_Zone",1
1163.617,"Info","Arena",7,"Enter_Zone",4
1164.684,"Info","Arena",7,"Exit_Zone",4
1164.684,"Info","Arena",7,"Enter_Zone",3
1165.950,"Info","Arena",6,"Exit_Zone",4
1165.950,"Info","Arena",6,"Enter_Zone",2
1168.717,"Info","Arena",7,"Exit_Zone",3
1168.717,"Info","Arena",7,"Enter_Zone",4
1172.582,"Info","Arena",7,"Exit_Zone",4
1172.582,"Info","Arena",7,"Enter_Zone",2
1174.215,"Info","Arena",6,"Exit_Zone",2
1174.215,"Info","Arena",6,"Enter_Zone",4
1175.948,"Info","Arena",6,"Exit_Zone",4
1175.948,"Info","Arena",6,"Enter_Zone",1
1176.448,"Info","Arena",6,"Exit_Zone",1
1176.448,"Info","Arena",6,"Enter_Zone",4
1177.081,"Info","Arena",6,"Exit_Zone",4
1177.081,"Info","Arena",6,"Enter_Zone",1
1185.648,"Info","Arena",6,"Exit_Zone",1
1185.648,"Info","Arena",6,"Enter_Zone",4
1187.713,"Info","Arena",6,"Exit_Zone",4
1187.713,"Info","Arena",6,"Enter_Zone",3
1194.078,"Info","Arena",7,"Exit_Zone",2
1194.078,"Info","Arena",7,"Enter_Zone",4
1196.646,"Info","Arena",6,"Exit_Zone",3
1196.646,"Info","Arena",6,"Enter_Zone",4
1200.812,"Info","Arena",7,"Exit_Zone",4
1200.812,"Info","Arena",7,"Enter_Zone",3
1201.743,"Info","Arena",6,"Exit_Zone",4
1201.743,"Info","Arena",6,"Enter_Zone",2
1207.509,"Info","Arena",7,"Exit_Zone",3
1207.509,"Info","Arena",7,"Enter_Zone",4
1208.209,"Info","Arena",6,"Exit_Zone",2
1208.209,"Info","Arena",6,"Enter_Zone",4
1209.908,"Info","Arena",6,"Exit_Zone",4
1209.908,"Info","Arena",6,"Enter_Zone",1
1211.643,"Info","Arena",7,"Exit_Zone",4
1211.643,"Info","Arena",7,"Enter_Zone",1
1218.440,"Info","Arena",7,"Exit_Zone",1
1218.440,"Info","Arena",7,"Enter_Zone",4
1220.273,"Info","Arena",7,"Exit_Zone",4
1220.273,"Info","Arena",7,"Enter_Zone",2
1222.206,"Info","Arena",6,"Exit_Zone",1
1222.206,"Info","Arena",6,"Enter_Zone",4
1225.105,"Info","Arena",6,"Exit_Zone",4
1225.105,"Info","Arena",6,"Enter_Zone",3
1225.872,"Info","Arena",7,"Exit_Zone",2
1225.872,"Info","Arena",7,"Enter_Zone",4
1229.338,"Info","Arena",7,"Exit_Zone",4
1229.338,"Info","Arena",7,"Enter_Zone",3
1236.103,"Info","Arena",6,"Exit_Zone",3
1236.103,"Info","Arena",6,"Enter_Zone",4
1236.503,"Info","Arena",7,"Exit_Zone",3
1236.503,"Info","Arena",7,"Enter_Zone",4
1236.770,"Info","Arena",7,"Exit_Zone",4
1236.770,"Info","Arena",7,"Enter_Zone",3
1236.972,"Info","Arena",7,"Exit_Zone",3
1236.972,"Info","Arena",7,"Enter_Zone",4
1237.638,"Info","Arena",6,"Exit_Zone",4
1237.638,"Info","Arena",6,"Enter_Zone",1
1238.536,"Info","Arena",7,"Exit_Zone",4
1238.536,"Info","Arena",7,"Enter_Zone",1
1244.201,"Info","Arena",7,"Exit_Zone",1
1244.201,"Info","Arena",7,"Enter_Zone",4
1247.734,"Info","Arena",3,"Exit_Zone",1
1247.734,"Info","Arena",3,"Enter_Zone",4
1248.501,"Info","Arena",7,"Exit_Zone",4
1248.501,"Info","Arena",7,"Enter_Zone",3
1251.933,"Info","Arena",6,"Exit_Zone",1
1251.933,"Info","Arena",6,"Enter_Zone",4
1254.099,"Info","Arena",6,"Exit_Zone",4
1254.099,"Info","Arena",6,"Enter_Zone",3
1254.933,"Info","Arena",7,"Exit_Zone",3
1254.933,"Info","Arena",7,"Enter_Zone",4
1256.532,"Info","Arena",8,"Exit_Zone",1
1256.532,"Info","Arena",8,"Enter_Zone",4
1259.865,"Info","Arena",6,"Exit_Zone",3
1259.865,"Info","Arena",6,"Enter_Zone",4
1261.898,"Info","Arena",8,"Exit_Zone",4
1261.898,"Info","Arena",8,"Enter_Zone",3
1262.731,"Info","Arena",6,"Exit_Zone",4
1262.731,"Info","Arena",6,"Enter_Zone",2
1272.465,"Info","Arena",7,"Exit_Zone",4
1272.465,"Info","Arena",7,"Enter_Zone",2
1273.662,"Info","Arena",6,"Exit_Zone",2
1273.662,"Info","Arena",6,"Enter_Zone",4
1275.729,"Info","Arena",6,"Exit_Zone",4
1275.729,"Info","Arena",6,"Enter_Zone",3
1281.694,"Info","Arena",7,"Exit_Zone",2
1281.694,"Info","Arena",7,"Enter_Zone",4
1282.027,"Info","Arena",6,"Exit_Zone",3
1282.027,"Info","Arena",6,"Enter_Zone",4
1283.129,"Info","Arena",6,"Exit_Zone",4
1283.129,"Info","Arena",6,"Enter_Zone",1
1286.026,"Info","Arena",7,"Exit_Zone",4
1286.026,"Info","Arena",7,"Enter_Zone",3
1290.559,"Info","Arena",6,"Exit_Zone",1
1290.559,"Info","Arena",6,"Enter_Zone",4
1291.725,"Info","Arena",6,"Exit_Zone",4
1291.725,"Info","Arena",6,"Enter_Zone",2
1293.725,"Info","Arena",7,"Exit_Zone",3
1293.725,"Info","Arena",7,"Enter_Zone",4
1295.925,"Info","Arena",7,"Exit_Zone",4
1295.925,"Info","Arena",7,"Enter_Zone",2
1298.724,"Info","Arena",6,"Exit_Zone",2
1298.724,"Info","Arena",6,"Enter_Zone",4
1300.357,"Info","Arena",7,"Exit_Zone",2
1300.357,"Info","Arena",7,"Enter_Zone",4
1301.625,"Info","Arena",6,"Exit_Zone",4
1301.625,"Info","Arena",6,"Enter_Zone",3
1302.190,"Info","Arena",7,"Exit_Zone",4
1302.190,"Info","Arena",7,"Enter_Zone",3
1315.789,"Info","Arena",6,"Exit_Zone",3
1315.789,"Info","Arena",6,"Enter_Zone",4
1318.387,"Info","Arena",6,"Exit_Zone",4
1318.387,"Info","Arena",6,"Enter_Zone",2
1325.585,"Info","Arena",7,"Exit_Zone",3
1325.585,"Info","Arena",7,"Enter_Zone",4
1327.018,"Info","Arena",7,"Exit_Zone",4
1327.018,"Info","Arena",7,"Enter_Zone",2
1332.184,"Info","Arena",7,"Exit_Zone",2
1332.184,"Info","Arena",7,"Enter_Zone",4
1333.550,"Info","Arena",6,"Exit_Zone",2
1333.550,"Info","Arena",6,"Enter_Zone",4
1333.850,"Info","Arena",7,"Exit_Zone",4
1333.850,"Info","Arena",7,"Enter_Zone",1
1337.583,"Info","Arena",6,"Exit_Zone",4
1337.583,"Info","Arena",6,"Enter_Zone",1
1338.349,"Info","Arena",7,"Exit_Zone",1
1338.349,"Info","Arena",7,"Enter_Zone",4
1339.749,"Info","Arena",7,"Exit_Zone",4
1339.749,"Info","Arena",7,"Enter_Zone",3
1344.783,"Info","Arena",12,"Exit_Zone",2
1344.783,"Info","Arena",12,"Enter_Zone",4
1345.715,"Info","Arena",7,"Exit_Zone",3
1345.715,"Info","Arena",7,"Enter_Zone",4
1347.581,"Info","Arena",7,"Exit_Zone",4
1347.581,"Info","Arena",7,"Enter_Zone",2
1349.547,"Info","Arena",6,"Exit_Zone",1
1349.547,"Info","Arena",6,"Enter_Zone",4
1350.480,"Info","Arena",6,"Exit_Zone",4
1350.480,"Info","Arena",6,"Enter_Zone",3
1351.347,"Info","Arena",7,"Exit_Zone",2
1351.347,"Info","Arena",7,"Enter_Zone",4
1356.146,"Info","Arena",7,"Exit_Zone",4
1356.146,"Info","Arena",7,"Enter_Zone",1
1359.116,"Info","Arena",6,"Exit_Zone",3
1359.116,"Info","Arena",6,"Enter_Zone",4
1361.311,"Info","Arena",6,"Exit_Zone",4
1361.311,"Info","Arena",6,"Enter_Zone",1
1363.980,"Info","Arena",7,"Exit_Zone",1
1363.980,"Info","Arena",7,"Enter_Zone",4
1366.113,"Info","Arena",7,"Exit_Zone",4
1366.113,"Info","Arena",7,"Enter_Zone",3
1371.611,"Info","Arena",7,"Exit_Zone",3
1371.611,"Info","Arena",7,"Enter_Zone",4
1373.842,"Info","Arena",6,"Exit_Zone",1
1373.842,"Info","Arena",6,"Enter_Zone",4
1374.209,"Info","Arena",7,"Exit_Zone",4
1374.209,"Info","Arena",7,"Enter_Zone",1
1376.111,"Info","Arena",6,"Exit_Zone",4
1376.111,"Info","Arena",6,"Enter_Zone",2
1380.341,"Info","Arena",7,"Exit_Zone",1
1380.341,"Info","Arena",7,"Enter_Zone",4
1383.109,"Info","Arena",7,"Exit_Zone",4
1383.109,"Info","Arena",7,"Enter_Zone",2
1387.140,"Info","Arena",6,"Exit_Zone",2
1387.140,"Info","Arena",6,"Enter_Zone",4
1387.673,"Info","Arena",6,"Exit_Zone",4
1387.673,"Info","Arena",6,"Enter_Zone",2
1388.473,"Info","Arena",6,"Exit_Zone",2
1388.473,"Info","Arena",6,"Enter_Zone",4
1389.839,"Info","Arena",7,"Exit_Zone",2
1389.839,"Info","Arena",7,"Enter_Zone",4
1391.274,"Info","Arena",7,"Exit_Zone",4
1391.274,"Info","Arena",7,"Enter_Zone",3
1392.739,"Info","Arena",6,"Exit_Zone",4
1392.739,"Info","Arena",6,"Enter_Zone",3
1398.837,"Info","Arena",7,"Exit_Zone",3
1398.837,"Info","Arena",7,"Enter_Zone",4
1401.037,"Info","Arena",7,"Exit_Zone",4
1401.037,"Info","Arena",7,"Enter_Zone",2
1401.439,"Info","Arena",6,"Exit_Zone",3
1401.439,"Info","Arena",6,"Enter_Zone",4
1404.636,"Info","Arena",6,"Exit_Zone",4
1404.636,"Info","Arena",6,"Enter_Zone",2
1404.903,"Info","Arena",7,"Exit_Zone",2
1404.903,"Info","Arena",7,"Enter_Zone",4
1407.105,"Info","Arena",7,"Exit_Zone",4
1407.105,"Info","Arena",7,"Enter_Zone",1
1408.002,"Info","Arena",11,"Exit_Zone",3
1408.002,"Info","Arena",11,"Enter_Zone",4
1408.169,"Info","Arena",11,"Exit_Zone",4
1408.169,"Info","Arena",11,"Enter_Zone",3
1408.202,"Info","Arena",11,"Exit_Zone",3
1408.202,"Info","Arena",11,"Enter_Zone",4
1411.668,"Info","Arena",6,"Exit_Zone",2
1411.668,"Info","Arena",6,"Enter_Zone",4
1414.436,"Info","Arena",11,"Exit_Zone",4
1414.436,"Info","Arena",11,"Enter_Zone",1
1416.134,"Info","Arena",6,"Exit_Zone",4
1416.134,"Info","Arena",6,"Enter_Zone",1
1429.268,"Info","Arena",7,"Exit_Zone",1
1429.268,"Info","Arena",7,"Enter_Zone",4
1430.766,"Info","Arena",7,"Exit_Zone",4
1430.766,"Info","Arena",7,"Enter_Zone",3
1434.397,"Info","Arena",6,"Exit_Zone",1
1434.397,"Info","Arena",6,"Enter_Zone",4
1435.797,"Info","Arena",6,"Exit_Zone",4
1435.797,"Info","Arena",6,"Enter_Zone",3
1438.563,"Info","Arena",7,"Exit_Zone",3
1438.563,"Info","Arena",7,"Enter_Zone",4
1438.896,"Info","Arena",7,"Exit_Zone",4
1438.896,"Info","Arena",7,"Enter_Zone",2
1443.495,"Info","Arena",7,"Exit_Zone",2
1443.495,"Info","Arena",7,"Enter_Zone",4
1446.328,"Info","Arena",7,"Exit_Zone",4
1446.328,"Info","Arena",7,"Enter_Zone",1
1446.561,"Info","Arena",6,"Exit_Zone",3
1446.561,"Info","Arena",6,"Enter_Zone",4
1448.361,"Info","Arena",6,"Exit_Zone",4
1448.361,"Info","Arena",6,"Enter_Zone",1
1449.827,"Info","Arena",7,"Exit_Zone",1
1449.827,"Info","Arena",7,"Enter_Zone",4
1451.993,"Info","Arena",11,"Exit_Zone",1
1451.993,"Info","Arena",11,"Enter_Zone",4
1452.027,"Info","Arena",7,"Exit_Zone",4
1452.027,"Info","Arena",7,"Enter_Zone",3
1456.595,"Info","Arena",3,"Exit_Zone",4
1456.595,"Info","Arena",3,"Enter_Zone",2
1456.892,"Info","Arena",11,"Exit_Zone",4
1456.892,"Info","Arena",11,"Enter_Zone",3
1457.159,"Info","Arena",6,"Exit_Zone",1
1457.159,"Info","Arena",6,"Enter_Zone",4
1460.927,"Info","Arena",6,"Exit_Zone",4
1460.927,"Info","Arena",6,"Enter_Zone",2
1463.624,"Info","Arena",7,"Exit_Zone",3
1463.624,"Info","Arena",7,"Enter_Zone",4
1465.657,"Info","Arena",7,"Exit_Zone",4
1465.657,"Info","Arena",7,"Enter_Zone",1
1466.857,"Info","Arena",6,"Exit_Zone",2
1466.857,"Info","Arena",6,"Enter_Zone",4
1470.092,"Info","Arena",6,"Exit_Zone",4
1470.092,"Info","Arena",6,"Enter_Zone",1
1475.522,"Info","Arena",7,"Exit_Zone",1
1475.522,"Info","Arena",7,"Enter_Zone",4
1477.955,"Info","Arena",3,"Exit_Zone",2
1477.955,"Info","Arena",3,"Enter_Zone",4
1478.355,"Info","Arena",6,"Exit_Zone",1
1478.355,"Info","Arena",6,"Enter_Zone",4
1480.155,"Info","Arena",6,"Exit_Zone",4
1480.155,"Info","Arena",6,"Enter_Zone",2
1481.021,"Info","Arena",7,"Exit_Zone",4
1481.021,"Info","Arena",7,"Enter_Zone",2
1481.188,"Info","Arena",7,"Exit_Zone",2
1481.188,"Info","Arena",7,"Enter_Zone",4
1481.256,"Info","Arena",7,"Exit_Zone",4
1481.256,"Info","Arena",7,"Enter_Zone",2
1485.089,"Info","Arena",3,"Exit_Zone",4
1485.089,"Info","Arena",3,"Enter_Zone",3
1487.255,"Info","Arena",6,"Exit_Zone",2
1487.255,"Info","Arena",6,"Enter_Zone",4
1488.755,"Info","Arena",7,"Exit_Zone",2
1488.755,"Info","Arena",7,"Enter_Zone",4
1491.486,"Info","Arena",7,"Exit_Zone",4
1491.486,"Info","Arena",7,"Enter_Zone",3
1492.921,"Info","Arena",6,"Exit_Zone",4
1492.921,"Info","Arena",6,"Enter_Zone",3
1496.818,"Info","Arena",7,"Exit_Zone",3
1496.818,"Info","Arena",7,"Enter_Zone",4
1498.284,"Info","Arena",7,"Exit_Zone",4
1498.284,"Info","Arena",7,"Enter_Zone",2
1499.784,"Info","Arena",3,"Exit_Zone",3
1499.784,"Info","Arena",3,"Enter_Zone",4
1499.817,"Info","Arena",3,"Exit_Zone",4
1499.817,"Info","Arena",3,"Enter_Zone",3
1499.851,"Info","Arena",3,"Exit_Zone",3
1499.851,"Info","Arena",3,"Enter_Zone",4
1500.117,"Info","Arena",11,"Exit_Zone",3
1500.117,"Info","Arena",11,"Enter_Zone",4
1504.450,"Info","Arena",7,"Exit_Zone",2
1504.450,"Info","Arena",7,"Enter_Zone",4
1504.919,"Info","Arena",6,"Exit_Zone",3
1504.919,"Info","Arena",6,"Enter_Zone",4
1505.716,"Info","Arena",3,"Exit_Zone",4
1505.716,"Info","Arena",3,"Enter_Zone",2
1506.982,"Info","Arena",7,"Exit_Zone",4
1506.982,"Info","Arena",7,"Enter_Zone",1
1508.782,"Info","Arena",6,"Exit_Zone",4
1508.782,"Info","Arena",6,"Enter_Zone",2
1515.447,"Info","Arena",7,"Exit_Zone",1
1515.447,"Info","Arena",7,"Enter_Zone",4
1516.249,"Info","Arena",6,"Exit_Zone",2
1516.249,"Info","Arena",6,"Enter_Zone",4
1518.214,"Info","Arena",2,"Exit_Zone",1
1518.214,"Info","Arena",2,"Enter_Zone",4
1518.813,"Info","Arena",6,"Exit_Zone",4
1518.813,"Info","Arena",6,"Enter_Zone",1
1520.480,"Info","Arena",3,"Exit_Zone",2
1520.480,"Info","Arena",3,"Enter_Zone",4
1523.379,"Info","Arena",7,"Exit_Zone",4
1523.379,"Info","Arena",7,"Enter_Zone",3
1525.081,"Info","Arena",3,"Exit_Zone",4
1525.081,"Info","Arena",3,"Enter_Zone",1
1527.812,"Info","Arena",2,"Exit_Zone",4
1527.812,"Info","Arena",2,"Enter_Zone",3
1528.512,"Info","Arena",6,"Exit_Zone",1
1528.512,"Info","Arena",6,"Enter_Zone",4
1529.145,"Info","Arena",7,"Exit_Zone",3
1529.145,"Info","Arena",7,"Enter_Zone",4
1530.580,"Info","Arena",7,"Exit_Zone",4
1530.580,"Info","Arena",7,"Enter_Zone",1
1532.211,"Info","Arena",6,"Exit_Zone",4
1532.211,"Info","Arena",6,"Enter_Zone",3
1538.944,"Info","Arena",6,"Exit_Zone",3
1538.944,"Info","Arena",6,"Enter_Zone",4
1539.476,"Info","Arena",3,"Exit_Zone",1
1539.476,"Info","Arena",3,"Enter_Zone",4
1541.009,"Info","Arena",6,"Exit_Zone",4
1541.009,"Info","Arena",6,"Enter_Zone",2
1542.078,"Info","Arena",3,"Exit_Zone",4
1542.078,"Info","Arena",3,"Enter_Zone",3
1545.744,"Info","Arena",6,"Exit_Zone",2
1545.744,"Info","Arena",6,"Enter_Zone",4
1549.174,"Info","Arena",6,"Exit_Zone",4
1549.174,"Info","Arena",6,"Enter_Zone",3
1552.742,"Info","Arena",7,"Exit_Zone",1
1552.742,"Info","Arena",7,"Enter_Zone",4
1554.140,"Info","Arena",2,"Exit_Zone",3
1554.140,"Info","Arena",2,"Enter_Zone",4
1554.408,"Info","Arena",2,"Exit_Zone",4
1554.408,"Info","Arena",2,"Enter_Zone",3
1554.873,"Info","Arena",2,"Exit_Zone",3
1554.873,"Info","Arena",2,"Enter_Zone",4
1554.908,"Info","Arena",2,"Exit_Zone",4
1554.908,"Info","Arena",2,"Enter_Zone",3
1555.040,"Info","Arena",2,"Exit_Zone",3
1555.040,"Info","Arena",2,"Enter_Zone",4
1555.075,"Info","Arena",2,"Exit_Zone",4
1555.075,"Info","Arena",2,"Enter_Zone",3
1555.106,"Info","Arena",2,"Exit_Zone",3
1555.106,"Info","Arena",2,"Enter_Zone",4
1555.140,"Info","Arena",2,"Exit_Zone",4
1555.140,"Info","Arena",2,"Enter_Zone",3
1555.306,"Info","Arena",2,"Exit_Zone",3
1555.306,"Info","Arena",2,"Enter_Zone",4
1555.575,"Info","Arena",6,"Exit_Zone",3
1555.575,"Info","Arena",6,"Enter_Zone",4
1555.873,"Info","Arena",2,"Exit_Zone",4
1555.873,"Info","Arena",2,"Enter_Zone",3
1555.939,"Info","Arena",2,"Exit_Zone",3
1555.939,"Info","Arena",2,"Enter_Zone",4
1556.575,"Info","Arena",11,"Exit_Zone",4
1556.575,"Info","Arena",11,"Enter_Zone",2
1557.173,"Info","Arena",7,"Exit_Zone",4
1557.173,"Info","Arena",7,"Enter_Zone",2
1557.741,"Info","Arena",6,"Exit_Zone",4
1557.741,"Info","Arena",6,"Enter_Zone",2
1560.005,"Info","Arena",2,"Exit_Zone",4
1560.005,"Info","Arena",2,"Enter_Zone",1
1562.871,"Info","Arena",6,"Exit_Zone",2
1562.871,"Info","Arena",6,"Enter_Zone",4
1563.471,"Info","Arena",7,"Exit_Zone",2
1563.471,"Info","Arena",7,"Enter_Zone",4
1565.937,"Info","Arena",7,"Exit_Zone",4
1565.937,"Info","Arena",7,"Enter_Zone",3
1566.704,"Info","Arena",6,"Exit_Zone",4
1566.704,"Info","Arena",6,"Enter_Zone",1
1572.303,"Info","Arena",3,"Exit_Zone",3
1572.303,"Info","Arena",3,"Enter_Zone",4
1572.972,"Info","Arena",6,"Exit_Zone",1
1572.972,"Info","Arena",6,"Enter_Zone",4
1573.738,"Info","Arena",7,"Exit_Zone",3
1573.738,"Info","Arena",7,"Enter_Zone",4
1574.469,"Info","Arena",6,"Exit_Zone",4
1574.469,"Info","Arena",6,"Enter_Zone",3
1576.769,"Info","Arena",7,"Exit_Zone",4
1576.769,"Info","Arena",7,"Enter_Zone",1
1579.701,"Info","Arena",3,"Exit_Zone",4
1579.701,"Info","Arena",3,"Enter_Zone",2
1581.570,"Info","Arena",7,"Exit_Zone",1
1581.570,"Info","Arena",7,"Enter_Zone",4
1583.501,"Info","Arena",3,"Exit_Zone",2
1583.501,"Info","Arena",3,"Enter_Zone",4
1583.700,"Info","Arena",7,"Exit_Zone",4
1583.700,"Info","Arena",7,"Enter_Zone",2
1584.402,"Info","Arena",6,"Exit_Zone",3
1584.402,"Info","Arena",6,"Enter_Zone",4
1590.901,"Info","Arena",7,"Exit_Zone",2
1590.901,"Info","Arena",7,"Enter_Zone",4
1592.099,"Info","Arena",6,"Exit_Zone",4
1592.099,"Info","Arena",6,"Enter_Zone",1
1593.401,"Info","Arena",7,"Exit_Zone",4
1593.401,"Info","Arena",7,"Enter_Zone",1
1594.632,"Info","Arena",3,"Exit_Zone",4
1594.632,"Info","Arena",3,"Enter_Zone",3
1597.733,"Info","Arena",2,"Exit_Zone",1
1597.733,"Info","Arena",2,"Enter_Zone",4
1600.164,"Info","Arena",7,"Exit_Zone",1
1600.164,"Info","Arena",7,"Enter_Zone",4
1601.264,"Info","Arena",11,"Exit_Zone",2
1601.264,"Info","Arena",11,"Enter_Zone",4
1601.330,"Info","Arena",6,"Exit_Zone",1
1601.330,"Info","Arena",6,"Enter_Zone",4
1601.566,"Info","Arena",7,"Exit_Zone",4
1601.566,"Info","Arena",7,"Enter_Zone",3
1602.763,"Info","Arena",3,"Exit_Zone",3
1602.763,"Info","Arena",3,"Enter_Zone",4
1603.232,"Info","Arena",6,"Exit_Zone",4
1603.232,"Info","Arena",6,"Enter_Zone",3
1604.296,"Info","Arena",2,"Exit_Zone",4
1604.296,"Info","Arena",2,"Enter_Zone",2
1605.972,"Info","Arena",3,"Exit_Zone",4
1605.972,"Info","Arena",3,"Enter_Zone",1
1607.029,"Info","Arena",7,"Exit_Zone",3
1607.029,"Info","Arena",7,"Enter_Zone",4
1608.596,"Info","Arena",7,"Exit_Zone",4
1608.596,"Info","Arena",7,"Enter_Zone",2
1611.362,"Info","Arena",2,"Exit_Zone",2
1611.362,"Info","Arena",2,"Enter_Zone",4
1613.795,"Info","Arena",6,"Exit_Zone",3
1613.795,"Info","Arena",6,"Enter_Zone",4
1613.828,"Info","Arena",7,"Exit_Zone",2
1613.828,"Info","Arena",7,"Enter_Zone",4
1614.628,"Info","Arena",2,"Exit_Zone",4
1614.628,"Info","Arena",2,"Enter_Zone",3
1615.328,"Info","Arena",7,"Exit_Zone",4
1615.328,"Info","Arena",7,"Enter_Zone",1
1616.527,"Info","Arena",6,"Exit_Zone",4
1616.527,"Info","Arena",6,"Enter_Zone",1
1621.562,"Info","Arena",2,"Exit_Zone",3
1621.562,"Info","Arena",2,"Enter_Zone",4
1622.228,"Info","Arena",7,"Exit_Zone",1
1622.228,"Info","Arena",7,"Enter_Zone",4
1623.526,"Info","Arena",3,"Exit_Zone",1
1623.526,"Info","Arena",3,"Enter_Zone",4
1624.259,"Info","Arena",7,"Exit_Zone",4
1624.259,"Info","Arena",7,"Enter_Zone",3
1625.061,"Info","Arena",2,"Exit_Zone",4
1625.061,"Info","Arena",2,"Enter_Zone",1
1629.758,"Info","Arena",7,"Exit_Zone",3
1629.758,"Info","Arena",7,"Enter_Zone",4
1631.658,"Info","Arena",7,"Exit_Zone",4
1631.658,"Info","Arena",7,"Enter_Zone",2
1634.690,"Info","Arena",6,"Exit_Zone",1
1634.690,"Info","Arena",6,"Enter_Zone",4
1636.892,"Info","Arena",7,"Exit_Zone",2
1636.892,"Info","Arena",7,"Enter_Zone",4
1638.790,"Info","Arena",6,"Exit_Zone",4
1638.790,"Info","Arena",6,"Enter_Zone",2
1639.091,"Info","Arena",2,"Exit_Zone",1
1639.091,"Info","Arena",2,"Enter_Zone",4
1641.289,"Info","Arena",2,"Exit_Zone",4
1641.289,"Info","Arena",2,"Enter_Zone",2
1644.355,"Info","Arena",3,"Exit_Zone",4
1644.355,"Info","Arena",3,"Enter_Zone",3
1645.788,"Info","Arena",7,"Exit_Zone",4
1645.788,"Info","Arena",7,"Enter_Zone",1
1647.556,"Info","Arena",2,"Exit_Zone",2
1647.556,"Info","Arena",2,"Enter_Zone",4
1650.087,"Info","Arena",2,"Exit_Zone",4
1650.087,"Info","Arena",2,"Enter_Zone",3
1654.753,"Info","Arena",6,"Exit_Zone",2
1654.753,"Info","Arena",6,"Enter_Zone",4
1655.120,"Info","Arena",7,"Exit_Zone",1
1655.120,"Info","Arena",7,"Enter_Zone",4
1657.388,"Info","Arena",6,"Exit_Zone",4
1657.388,"Info","Arena",6,"Enter_Zone",2
1657.452,"Info","Arena",6,"Exit_Zone",2
1657.452,"Info","Arena",6,"Enter_Zone",4
1659.120,"Info","Arena",7,"Exit_Zone",4
1659.120,"Info","Arena",7,"Enter_Zone",2
1661.852,"Info","Arena",6,"Exit_Zone",4
1661.852,"Info","Arena",6,"Enter_Zone",1
1662.918,"Info","Arena",6,"Exit_Zone",1
1662.918,"Info","Arena",6,"Enter_Zone",4
1663.785,"Info","Arena",7,"Exit_Zone",2
1663.785,"Info","Arena",7,"Enter_Zone",4
1665.720,"Info","Arena",7,"Exit_Zone",4
1665.720,"Info","Arena",7,"Enter_Zone",3
1666.386,"Info","Arena",3,"Exit_Zone",3
1666.386,"Info","Arena",3,"Enter_Zone",4
1670.850,"Info","Arena",3,"Exit_Zone",4
1670.850,"Info","Arena",3,"Enter_Zone",2
1671.016,"Info","Arena",6,"Exit_Zone",4
1671.016,"Info","Arena",6,"Enter_Zone",2
1671.316,"Info","Arena",7,"Exit_Zone",3
1671.316,"Info","Arena",7,"Enter_Zone",4
1672.885,"Info","Arena",2,"Exit_Zone",3
1672.885,"Info","Arena",2,"Enter_Zone",4
1673.083,"Info","Arena",7,"Exit_Zone",4
1673.083,"Info","Arena",7,"Enter_Zone",2
1678.315,"Info","Arena",7,"Exit_Zone",2
1678.315,"Info","Arena",7,"Enter_Zone",4
1679.748,"Info","Arena",6,"Exit_Zone",2
1679.748,"Info","Arena",6,"Enter_Zone",4
1679.981,"Info","Arena",7,"Exit_Zone",4
1679.981,"Info","Arena",7,"Enter_Zone",3
1686.013,"Info","Arena",7,"Exit_Zone",3
1686.013,"Info","Arena",7,"Enter_Zone",4
1687.746,"Info","Arena",7,"Exit_Zone",4
1687.746,"Info","Arena",7,"Enter_Zone",2
1688.846,"Info","Arena",6,"Exit_Zone",4
1688.846,"Info","Arena",6,"Enter_Zone",1
1689.280,"Info","Arena",6,"Exit_Zone",1
1689.280,"Info","Arena",6,"Enter_Zone",4
1689.746,"Info","Arena",6,"Exit_Zone",4
1689.746,"Info","Arena",6,"Enter_Zone",1
1691.979,"Info","Arena",3,"Exit_Zone",2
1691.979,"Info","Arena",3,"Enter_Zone",4
1693.179,"Info","Arena",7,"Exit_Zone",2
1693.179,"Info","Arena",7,"Enter_Zone",4
1695.978,"Info","Arena",3,"Exit_Zone",4
1695.978,"Info","Arena",3,"Enter_Zone",1
1696.645,"Info","Arena",7,"Exit_Zone",4
1696.645,"Info","Arena",7,"Enter_Zone",1
1699.844,"Info","Arena",2,"Exit_Zone",4
1699.844,"Info","Arena",2,"Enter_Zone",3
1700.411,"Info","Arena",6,"Exit_Zone",1
1700.411,"Info","Arena",6,"Enter_Zone",4
1702.344,"Info","Arena",6,"Exit_Zone",4
1702.344,"Info","Arena",6,"Enter_Zone",3
1702.910,"Info","Arena",7,"Exit_Zone",1
1702.910,"Info","Arena",7,"Enter_Zone",4
1705.878,"Info","Arena",7,"Exit_Zone",4
1705.878,"Info","Arena",7,"Enter_Zone",2
1706.509,"Info","Arena",3,"Exit_Zone",1
1706.509,"Info","Arena",3,"Enter_Zone",4
1708.711,"Info","Arena",6,"Exit_Zone",3
1708.711,"Info","Arena",6,"Enter_Zone",4
1709.877,"Info","Arena",2,"Exit_Zone",3
1709.877,"Info","Arena",2,"Enter_Zone",4
1711.275,"Info","Arena",7,"Exit_Zone",2
1711.275,"Info","Arena",7,"Enter_Zone",4
1712.142,"Info","Arena",2,"Exit_Zone",4
1712.142,"Info","Arena",2,"Enter_Zone",1
1712.841,"Info","Arena",3,"Exit_Zone",4
1712.841,"Info","Arena",3,"Enter_Zone",3
1712.908,"Info","Arena",3,"Exit_Zone",3
1712.908,"Info","Arena",3,"Enter_Zone",4
1713.175,"Info","Arena",3,"Exit_Zone",4
1713.175,"Info","Arena",3,"Enter_Zone",3
1713.408,"Info","Arena",7,"Exit_Zone",4
1713.408,"Info","Arena",7,"Enter_Zone",3
1716.274,"Info","Arena",6,"Exit_Zone",4
1716.274,"Info","Arena",6,"Enter_Zone",2
1716.341,"Info","Arena",6,"Exit_Zone",2
1716.341,"Info","Arena",6,"Enter_Zone",4
1716.376,"Info","Arena",6,"Exit_Zone",4
1716.376,"Info","Arena",6,"Enter_Zone",2
1719.574,"Info","Arena",7,"Exit_Zone",3
1719.574,"Info","Arena",7,"Enter_Zone",4
1725.006,"Info","Arena",3,"Exit_Zone",3
1725.006,"Info","Arena",3,"Enter_Zone",4
1725.972,"Info","Arena",7,"Exit_Zone",4
1725.972,"Info","Arena",7,"Enter_Zone",1
1726.305,"Info","Arena",2,"Exit_Zone",1
1726.305,"Info","Arena",2,"Enter_Zone",4
1730.071,"Info","Arena",2,"Exit_Zone",4
1730.071,"Info","Arena",2,"Enter_Zone",3
1732.004,"Info","Arena",6,"Exit_Zone",2
1732.004,"Info","Arena",6,"Enter_Zone",4
1735.337,"Info","Arena",3,"Exit_Zone",4
1735.337,"Info","Arena",3,"Enter_Zone",2
1735.437,"Info","Arena",7,"Exit_Zone",1
1735.437,"Info","Arena",7,"Enter_Zone",4
1736.872,"Info","Arena",6,"Exit_Zone",4
1736.872,"Info","Arena",6,"Enter_Zone",3
1738.938,"Info","Arena",7,"Exit_Zone",4
1738.938,"Info","Arena",7,"Enter_Zone",2
1743.335,"Info","Arena",6,"Exit_Zone",3
1743.335,"Info","Arena",6,"Enter_Zone",4
1744.069,"Info","Arena",7,"Exit_Zone",2
1744.069,"Info","Arena",7,"Enter_Zone",4
1744.902,"Info","Arena",6,"Exit_Zone",4
1744.902,"Info","Arena",6,"Enter_Zone",1
1747.934,"Info","Arena",7,"Exit_Zone",4
1747.934,"Info","Arena",7,"Enter_Zone",3
1748.834,"Info","Arena",3,"Exit_Zone",2
1748.834,"Info","Arena",3,"Enter_Zone",4
1753.267,"Info","Arena",7,"Exit_Zone",3
1753.267,"Info","Arena",7,"Enter_Zone",4
1753.467,"Info","Arena",3,"Exit_Zone",4
1753.467,"Info","Arena",3,"Enter_Zone",1
1754.001,"Info","Arena",6,"Exit_Zone",1
1754.001,"Info","Arena",6,"Enter_Zone",4
1754.100,"Info","Arena",3,"Exit_Zone",1
1754.100,"Info","Arena",3,"Enter_Zone",4
1754.467,"Info","Arena",3,"Exit_Zone",4
1754.467,"Info","Arena",3,"Enter_Zone",1
1755.202,"Info","Arena",7,"Exit_Zone",4
1755.202,"Info","Arena",7,"Enter_Zone",1
1755.833,"Info","Arena",6,"Exit_Zone",4
1755.833,"Info","Arena",6,"Enter_Zone",2
1758.632,"Info","Arena",2,"Exit_Zone",3
1758.632,"Info","Arena",2,"Enter_Zone",4
1760.632,"Info","Arena",2,"Exit_Zone",4
1760.632,"Info","Arena",2,"Enter_Zone",1
1761.165,"Info","Arena",7,"Exit_Zone",1
1761.165,"Info","Arena",7,"Enter_Zone",4
1762.332,"Info","Arena",6,"Exit_Zone",2
1762.332,"Info","Arena",6,"Enter_Zone",4
1764.631,"Info","Arena",7,"Exit_Zone",4
1764.631,"Info","Arena",7,"Enter_Zone",2
1767.231,"Info","Arena",6,"Exit_Zone",4
1767.231,"Info","Arena",6,"Enter_Zone",3
1768.897,"Info","Arena",7,"Exit_Zone",2
1768.897,"Info","Arena",7,"Enter_Zone",4
1770.699,"Info","Arena",2,"Exit_Zone",1
1770.699,"Info","Arena",2,"Enter_Zone",4
1770.699,"Info","Arena",7,"Exit_Zone",4
1770.699,"Info","Arena",7,"Enter_Zone",3
1775.829,"Info","Arena",2,"Exit_Zone",4
1775.829,"Info","Arena",2,"Enter_Zone",2
1776.062,"Info","Arena",6,"Exit_Zone",3
1776.062,"Info","Arena",6,"Enter_Zone",4
1778.295,"Info","Arena",7,"Exit_Zone",3
1778.295,"Info","Arena",7,"Enter_Zone",4
1779.728,"Info","Arena",7,"Exit_Zone",4
1779.728,"Info","Arena",7,"Enter_Zone",2
1780.697,"Info","Arena",3,"Exit_Zone",1
1780.697,"Info","Arena",3,"Enter_Zone",4
1781.196,"Info","Arena",6,"Exit_Zone",4
1781.196,"Info","Arena",6,"Enter_Zone",1
1785.927,"Info","Arena",7,"Exit_Zone",2
1785.927,"Info","Arena",7,"Enter_Zone",4
1786.727,"Info","Arena",6,"Exit_Zone",1
1786.727,"Info","Arena",6,"Enter_Zone",4
1787.393,"Info","Arena",7,"Exit_Zone",4
1787.393,"Info","Arena",7,"Enter_Zone",1
1792.392,"Info","Arena",7,"Exit_Zone",1
1792.392,"Info","Arena",7,"Enter_Zone",4
1793.225,"Info","Arena",6,"Exit_Zone",4
1793.225,"Info","Arena",6,"Enter_Zone",3
1793.825,"Info","Arena",7,"Exit_Zone",4
1793.825,"Info","Arena",7,"Enter_Zone",3
1795.027,"Info","Arena",3,"Exit_Zone",4
1795.027,"Info","Arena",3,"Enter_Zone",3
1797.325,"Info","Arena",7,"Exit_Zone",3
1797.325,"Info","Arena",7,"Enter_Zone",4
1799.258,"Info","Arena",6,"Exit_Zone",3
1799.258,"Info","Arena",6,"Enter_Zone",4
1799.491,"Info","Arena",7,"Exit_Zone",4
1799.491,"Info","Arena",7,"Enter_Zone",2
1801.757,"Info","Arena",2,"Exit_Zone",2
1801.757,"Info","Arena",2,"Enter_Zone",4
1805.623,"Info","Arena",6,"Exit_Zone",4
1805.623,"Info","Arena",6,"Enter_Zone",2
1806.289,"Info","Arena",2,"Exit_Zone",4
1806.289,"Info","Arena",2,"Enter_Zone",3
1807.089,"Info","Arena",3,"Exit_Zone",3
1807.089,"Info","Arena",3,"Enter_Zone",4
1807.723,"Info","Arena",7,"Exit_Zone",2
1807.723,"Info","Arena",7,"Enter_Zone",4
1809.556,"Info","Arena",7,"Exit_Zone",4
1809.556,"Info","Arena",7,"Enter_Zone",1
1812.322,"Info","Arena",3,"Exit_Zone",4
1812.322,"Info","Arena",3,"Enter_Zone",2
1816.754,"Info","Arena",6,"Exit_Zone",2
1816.754,"Info","Arena",6,"Enter_Zone",4
1816.754,"Info","Arena",13,"Exit_Zone",3
1816.754,"Info","Arena",13,"Enter_Zone",4
1818.022,"Info","Arena",13,"Exit_Zone",4
1818.022,"Info","Arena",13,"Enter_Zone",1
1819.320,"Info","Arena",7,"Exit_Zone",1
1819.320,"Info","Arena",7,"Enter_Zone",4
1821.188,"Info","Arena",6,"Exit_Zone",4
1821.188,"Info","Arena",6,"Enter_Zone",1
1821.786,"Info","Arena",8,"Exit_Zone",3
1821.786,"Info","Arena",8,"Enter_Zone",4
1822.886,"Info","Arena",7,"Exit_Zone",4
1822.886,"Info","Arena",7,"Enter_Zone",2
1825.886,"Info","Arena",3,"Exit_Zone",2
1825.886,"Info","Arena",3,"Enter_Zone",4
1828.252,"Info","Arena",8,"Exit_Zone",4
1828.252,"Info","Arena",8,"Enter_Zone",1
1828.953,"Info","Arena",7,"Exit_Zone",2
1828.953,"Info","Arena",7,"Enter_Zone",4
1830.151,"Info","Arena",3,"Exit_Zone",4
1830.151,"Info","Arena",3,"Enter_Zone",1
1830.818,"Info","Arena",6,"Exit_Zone",1
1830.818,"Info","Arena",6,"Enter_Zone",4
1832.051,"Info","Arena",6,"Exit_Zone",4
1832.051,"Info","Arena",6,"Enter_Zone",3
1832.686,"Info","Arena",7,"Exit_Zone",4
1832.686,"Info","Arena",7,"Enter_Zone",1
1833.884,"Info","Arena",2,"Exit_Zone",3
1833.884,"Info","Arena",2,"Enter_Zone",4
1834.853,"Info","Arena",13,"Exit_Zone",1
1834.853,"Info","Arena",13,"Enter_Zone",4
1836.050,"Info","Arena",13,"Exit_Zone",4
1836.050,"Info","Arena",13,"Enter_Zone",1
1836.917,"Info","Arena",2,"Exit_Zone",4
1836.917,"Info","Arena",2,"Enter_Zone",2
1838.783,"Info","Arena",9,"Exit_Zone",3
1838.783,"Info","Arena",9,"Enter_Zone",4
1840.685,"Info","Arena",9,"Exit_Zone",4
1840.685,"Info","Arena",9,"Enter_Zone",2
1843.149,"Info","Arena",7,"Exit_Zone",1
1843.149,"Info","Arena",7,"Enter_Zone",4
1846.115,"Info","Arena",7,"Exit_Zone",4
1846.115,"Info","Arena",7,"Enter_Zone",2
1846.748,"Info","Arena",8,"Exit_Zone",1
1846.748,"Info","Arena",8,"Enter_Zone",4
1847.315,"Info","Arena",3,"Exit_Zone",1
1847.315,"Info","Arena",3,"Enter_Zone",4
1848.183,"Info","Arena",6,"Exit_Zone",3
1848.183,"Info","Arena",6,"Enter_Zone",4
1850.647,"Info","Arena",2,"Exit_Zone",2
1850.647,"Info","Arena",2,"Enter_Zone",4
1851.714,"Info","Arena",8,"Exit_Zone",4
1851.714,"Info","Arena",8,"Enter_Zone",3
1853.114,"Info","Arena",7,"Exit_Zone",2
1853.114,"Info","Arena",7,"Enter_Zone",4
1853.547,"Info","Arena",3,"Exit_Zone",4
1853.547,"Info","Arena",3,"Enter_Zone",3
1853.647,"Info","Arena",6,"Exit_Zone",4
1853.647,"Info","Arena",6,"Enter_Zone",1
1853.713,"Info","Arena",3,"Exit_Zone",3
1853.713,"Info","Arena",3,"Enter_Zone",4
1853.747,"Info","Arena",3,"Exit_Zone",4
1853.747,"Info","Arena",3,"Enter_Zone",3
1853.780,"Info","Arena",2,"Exit_Zone",4
1853.780,"Info","Arena",2,"Enter_Zone",1
1855.146,"Info","Arena",7,"Exit_Zone",4
1855.146,"Info","Arena",7,"Enter_Zone",3
1858.446,"Info","Arena",9,"Exit_Zone",2
1858.446,"Info","Arena",9,"Enter_Zone",4
1859.945,"Info","Arena",7,"Exit_Zone",3
1859.945,"Info","Arena",7,"Enter_Zone",4
1862.745,"Info","Arena",6,"Exit_Zone",1
1862.745,"Info","Arena",6,"Enter_Zone",4
1865.544,"Info","Arena",6,"Exit_Zone",4
1865.544,"Info","Arena",6,"Enter_Zone",3
1866.013,"Info","Arena",7,"Exit_Zone",4
1866.013,"Info","Arena",7,"Enter_Zone",1
1867.377,"Info","Arena",13,"Exit_Zone",1
1867.377,"Info","Arena",13,"Enter_Zone",4
1867.544,"Info","Arena",14,"Exit_Zone",1
1867.544,"Info","Arena",14,"Enter_Zone",4
1872.310,"Info","Arena",14,"Exit_Zone",4
1872.310,"Info","Arena",14,"Enter_Zone",3
1873.345,"Info","Arena",6,"Exit_Zone",3
1873.345,"Info","Arena",6,"Enter_Zone",4
1873.576,"Info","Arena",6,"Exit_Zone",4
1873.576,"Info","Arena",6,"Enter_Zone",3
1873.743,"Info","Arena",6,"Exit_Zone",3
1873.743,"Info","Arena",6,"Enter_Zone",4
1874.543,"Info","Arena",13,"Exit_Zone",4
1874.543,"Info","Arena",13,"Enter_Zone",3
1877.109,"Info","Arena",7,"Exit_Zone",1
1877.109,"Info","Arena",7,"Enter_Zone",4
1877.775,"Info","Arena",6,"Exit_Zone",4
1877.775,"Info","Arena",6,"Enter_Zone",1
1880.308,"Info","Arena",3,"Exit_Zone",3
1880.308,"Info","Arena",3,"Enter_Zone",4
1880.641,"Info","Arena",7,"Exit_Zone",4
1880.641,"Info","Arena",7,"Enter_Zone",2
1885.440,"Info","Arena",6,"Exit_Zone",1
1885.440,"Info","Arena",6,"Enter_Zone",4
1886.540,"Info","Arena",7,"Exit_Zone",2
1886.540,"Info","Arena",7,"Enter_Zone",4
1886.640,"Info","Arena",6,"Exit_Zone",4
1886.640,"Info","Arena",6,"Enter_Zone",2
1890.973,"Info","Arena",7,"Exit_Zone",4
1890.973,"Info","Arena",7,"Enter_Zone",3
1896.372,"Info","Arena",6,"Exit_Zone",2
1896.372,"Info","Arena",6,"Enter_Zone",4
1896.771,"Info","Arena",7,"Exit_Zone",3
1896.771,"Info","Arena",7,"Enter_Zone",4
1898.704,"Info","Arena",6,"Exit_Zone",4
1898.704,"Info","Arena",6,"Enter_Zone",1
1900.537,"Info","Arena",7,"Exit_Zone",4
1900.537,"Info","Arena",7,"Enter_Zone",1
1904.803,"Info","Arena",13,"Exit_Zone",3
1904.803,"Info","Arena",13,"Enter_Zone",4
1907.203,"Info","Arena",7,"Exit_Zone",1
1907.203,"Info","Arena",7,"Enter_Zone",4
1909.302,"Info","Arena",7,"Exit_Zone",4
1909.302,"Info","Arena",7,"Enter_Zone",3
1910.235,"Info","Arena",13,"Exit_Zone",4
1910.235,"Info","Arena",13,"Enter_Zone",1
1913.568,"Info","Arena",9,"Exit_Zone",4
1913.568,"Info","Arena",9,"Enter_Zone",1
1914.005,"Info","Arena",7,"Exit_Zone",3
1914.005,"Info","Arena",7,"Enter_Zone",4
1916.534,"Info","Arena",7,"Exit_Zone",4
1916.534,"Info","Arena",7,"Enter_Zone",2
1917.034,"Info","Arena",6,"Exit_Zone",1
1917.034,"Info","Arena",6,"Enter_Zone",4
1919.534,"Info","Arena",6,"Exit_Zone",4
1919.534,"Info","Arena",6,"Enter_Zone",2
1923.100,"Info","Arena",9,"Exit_Zone",1
1923.100,"Info","Arena",9,"Enter_Zone",4
1924.973,"Info","Arena",6,"Exit_Zone",2
1924.973,"Info","Arena",6,"Enter_Zone",4
1926.001,"Info","Arena",7,"Exit_Zone",2
1926.001,"Info","Arena",7,"Enter_Zone",4
1926.066,"Info","Arena",2,"Exit_Zone",1
1926.066,"Info","Arena",2,"Enter_Zone",4
1928.099,"Info","Arena",7,"Exit_Zone",4
1928.099,"Info","Arena",7,"Enter_Zone",1
1929.002,"Info","Arena",6,"Exit_Zone",4
1929.002,"Info","Arena",6,"Enter_Zone",3
1930.932,"Info","Arena",9,"Exit_Zone",4
1930.932,"Info","Arena",9,"Enter_Zone",2
1930.972,"Info","Arena",9,"Exit_Zone",2
1930.972,"Info","Arena",9,"Enter_Zone",4
1931.000,"Info","Arena",9,"Exit_Zone",4
1931.000,"Info","Arena",9,"Enter_Zone",2
1932.631,"Info","Arena",3,"Exit_Zone",4
1932.631,"Info","Arena",3,"Enter_Zone",3
1935.064,"Info","Arena",2,"Exit_Zone",4
1935.064,"Info","Arena",2,"Enter_Zone",2
1935.397,"Info","Arena",7,"Exit_Zone",1
1935.397,"Info","Arena",7,"Enter_Zone",4
1935.973,"Info","Arena",6,"Exit_Zone",3
1935.973,"Info","Arena",6,"Enter_Zone",4
1936.264,"Info","Arena",3,"Exit_Zone",3
1936.264,"Info","Arena",3,"Enter_Zone",4
1936.897,"Info","Arena",7,"Exit_Zone",4
1936.897,"Info","Arena",7,"Enter_Zone",3
1940.998,"Info","Arena",6,"Exit_Zone",4
1940.998,"Info","Arena",6,"Enter_Zone",1
1941.096,"Info","Arena",13,"Exit_Zone",1
1941.096,"Info","Arena",13,"Enter_Zone",4
1943.096,"Info","Arena",7,"Exit_Zone",3
1943.096,"Info","Arena",7,"Enter_Zone",4
1944.462,"Info","Arena",9,"Exit_Zone",2
1944.462,"Info","Arena",9,"Enter_Zone",4
1944.729,"Info","Arena",7,"Exit_Zone",4
1944.729,"Info","Arena",7,"Enter_Zone",2
1946.562,"Info","Arena",3,"Exit_Zone",4
1946.562,"Info","Arena",3,"Enter_Zone",1
1946.830,"Info","Arena",3,"Exit_Zone",1
1946.830,"Info","Arena",3,"Enter_Zone",4
1947.461,"Info","Arena",13,"Exit_Zone",4
1947.461,"Info","Arena",13,"Enter_Zone",2
1947.695,"Info","Arena",2,"Exit_Zone",2
1947.695,"Info","Arena",2,"Enter_Zone",4
1947.795,"Info","Arena",3,"Exit_Zone",4
1947.795,"Info","Arena",3,"Enter_Zone",1
1947.895,"Info","Arena",6,"Exit_Zone",1
1947.895,"Info","Arena",6,"Enter_Zone",4
1949.663,"Info","Arena",6,"Exit_Zone",4
1949.663,"Info","Arena",6,"Enter_Zone",2
1949.694,"Info","Arena",9,"Exit_Zone",4
1949.694,"Info","Arena",9,"Enter_Zone",2
1950.127,"Info","Arena",7,"Exit_Zone",2
1950.127,"Info","Arena",7,"Enter_Zone",4
1953.162,"Info","Arena",7,"Exit_Zone",4
1953.162,"Info","Arena",7,"Enter_Zone",3
1954.260,"Info","Arena",2,"Exit_Zone",4
1954.260,"Info","Arena",2,"Enter_Zone",3
1958.161,"Info","Arena",9,"Exit_Zone",2
1958.161,"Info","Arena",9,"Enter_Zone",4
1958.161,"Info","Arena",13,"Exit_Zone",2
1958.161,"Info","Arena",13,"Enter_Zone",4
1958.226,"Info","Arena",13,"Exit_Zone",4
1958.226,"Info","Arena",13,"Enter_Zone",2
1958.259,"Info","Arena",13,"Exit_Zone",2
1958.259,"Info","Arena",13,"Enter_Zone",4
1958.328,"Info","Arena",13,"Exit_Zone",4
1958.328,"Info","Arena",13,"Enter_Zone",2
1958.426,"Info","Arena",13,"Exit_Zone",2
1958.426,"Info","Arena",13,"Enter_Zone",4
1958.593,"Info","Arena",7,"Exit_Zone",3
1958.593,"Info","Arena",7,"Enter_Zone",4
1958.926,"Info","Arena",6,"Exit_Zone",2
1958.926,"Info","Arena",6,"Enter_Zone",4
1959.126,"Info","Arena",6,"Exit_Zone",4
1959.126,"Info","Arena",6,"Enter_Zone",2
1959.494,"Info","Arena",6,"Exit_Zone",2
1959.494,"Info","Arena",6,"Enter_Zone",4
1960.225,"Info","Arena",7,"Exit_Zone",4
1960.225,"Info","Arena",7,"Enter_Zone",2
1962.525,"Info","Arena",13,"Exit_Zone",4
1962.525,"Info","Arena",13,"Enter_Zone",3
1962.592,"Info","Arena",9,"Exit_Zone",4
1962.592,"Info","Arena",9,"Enter_Zone",3
1963.125,"Info","Arena",2,"Exit_Zone",3
1963.125,"Info","Arena",2,"Enter_Zone",4
1964.660,"Info","Arena",7,"Exit_Zone",2
1964.660,"Info","Arena",7,"Enter_Zone",4
1964.691,"Info","Arena",6,"Exit_Zone",4
1964.691,"Info","Arena",6,"Enter_Zone",3
1965.624,"Info","Arena",2,"Exit_Zone",4
1965.624,"Info","Arena",2,"Enter_Zone",1
1966.624,"Info","Arena",7,"Exit_Zone",4
1966.624,"Info","Arena",7,"Enter_Zone",1
1970.492,"Info","Arena",9,"Exit_Zone",3
1970.492,"Info","Arena",9,"Enter_Zone",4
1971.492,"Info","Arena",7,"Exit_Zone",1
1971.492,"Info","Arena",7,"Enter_Zone",4
1972.123,"Info","Arena",13,"Exit_Zone",3
1972.123,"Info","Arena",13,"Enter_Zone",4
1972.325,"Info","Arena",6,"Exit_Zone",3
1972.325,"Info","Arena",6,"Enter_Zone",4
1973.158,"Info","Arena",7,"Exit_Zone",4
1973.158,"Info","Arena",7,"Enter_Zone",3
1974.589,"Info","Arena",6,"Exit_Zone",4
1974.589,"Info","Arena",6,"Enter_Zone",2
1974.889,"Info","Arena",2,"Exit_Zone",1
1974.889,"Info","Arena",2,"Enter_Zone",4
1975.922,"Info","Arena",13,"Exit_Zone",4
1975.922,"Info","Arena",13,"Enter_Zone",1
1978.389,"Info","Arena",7,"Exit_Zone",3
1978.389,"Info","Arena",7,"Enter_Zone",4
1979.657,"Info","Arena",3,"Exit_Zone",1
1979.657,"Info","Arena",3,"Enter_Zone",4
1980.388,"Info","Arena",6,"Exit_Zone",2
1980.388,"Info","Arena",6,"Enter_Zone",4
1981.157,"Info","Arena",7,"Exit_Zone",4
1981.157,"Info","Arena",7,"Enter_Zone",1
1983.088,"Info","Arena",6,"Exit_Zone",4
1983.088,"Info","Arena",6,"Enter_Zone",1
1983.421,"Info","Arena",9,"Exit_Zone",4
1983.421,"Info","Arena",9,"Enter_Zone",1
1986.954,"Info","Arena",3,"Exit_Zone",4
1986.954,"Info","Arena",3,"Enter_Zone",2
1989.286,"Info","Arena",7,"Exit_Zone",1
1989.286,"Info","Arena",7,"Enter_Zone",4
1990.553,"Info","Arena",6,"Exit_Zone",1
1990.553,"Info","Arena",6,"Enter_Zone",4
1991.286,"Info","Arena",7,"Exit_Zone",4
1991.286,"Info","Arena",7,"Enter_Zone",2
1996.218,"Info","Arena",6,"Exit_Zone",4
1996.218,"Info","Arena",6,"Enter_Zone",2
1998.784,"Info","Arena",3,"Exit_Zone",2
1998.784,"Info","Arena",3,"Enter_Zone",4
1999.951,"Info","Arena",14,"Exit_Zone",3
1999.951,"Info","Arena",14,"Enter_Zone",4
2000.018,"Info","Arena",14,"Exit_Zone",4
2000.018,"Info","Arena",14,"Enter_Zone",3
2000.084,"Info","Arena",14,"Exit_Zone",3
2000.084,"Info","Arena",14,"Enter_Zone",4
2000.118,"Info","Arena",14,"Exit_Zone",4
2000.118,"Info","Arena",14,"Enter_Zone",3
2000.351,"Info","Arena",14,"Exit_Zone",3
2000.351,"Info","Arena",14,"Enter_Zone",4
2000.884,"Info","Arena",14,"Exit_Zone",4
2000.884,"Info","Arena",14,"Enter_Zone",3
2001.284,"Info","Arena",14,"Exit_Zone",3
2001.284,"Info","Arena",14,"Enter_Zone",4
2001.653,"Info","Arena",14,"Exit_Zone",4
2001.653,"Info","Arena",14,"Enter_Zone",3
2001.884,"Info","Arena",14,"Exit_Zone",3
2001.884,"Info","Arena",14,"Enter_Zone",4
2001.917,"Info","Arena",9,"Exit_Zone",1
2001.917,"Info","Arena",9,"Enter_Zone",4
2002.384,"Info","Arena",7,"Exit_Zone",2
2002.384,"Info","Arena",7,"Enter_Zone",4
2004.085,"Info","Arena",6,"Exit_Zone",2
2004.085,"Info","Arena",6,"Enter_Zone",4
2004.118,"Info","Arena",6,"Exit_Zone",4
2004.118,"Info","Arena",6,"Enter_Zone",2
2005.652,"Info","Arena",6,"Exit_Zone",2
2005.652,"Info","Arena",6,"Enter_Zone",4
2006.152,"Info","Arena",9,"Exit_Zone",4
2006.152,"Info","Arena",9,"Enter_Zone",3
2006.485,"Info","Arena",7,"Exit_Zone",4
2006.485,"Info","Arena",7,"Enter_Zone",1
2007.216,"Info","Arena",6,"Exit_Zone",4
2007.216,"Info","Arena",6,"Enter_Zone",2
2010.949,"Info","Arena",3,"Exit_Zone",4
2010.949,"Info","Arena",3,"Enter_Zone",3
2011.749,"Info","Arena",7,"Exit_Zone",1
2011.749,"Info","Arena",7,"Enter_Zone",4
2013.548,"Info","Arena",7,"Exit_Zone",4
2013.548,"Info","Arena",7,"Enter_Zone",3
2015.115,"Info","Arena",6,"Exit_Zone",2
2015.115,"Info","Arena",6,"Enter_Zone",4
2015.248,"Info","Arena",6,"Exit_Zone",4
2015.248,"Info","Arena",6,"Enter_Zone",2
2015.348,"Info","Arena",6,"Exit_Zone",2
2015.348,"Info","Arena",6,"Enter_Zone",4
2016.114,"Info","Arena",2,"Exit_Zone",4
2016.114,"Info","Arena",2,"Enter_Zone",2
2018.614,"Info","Arena",3,"Exit_Zone",3
2018.614,"Info","Arena",3,"Enter_Zone",4
2019.816,"Info","Arena",6,"Exit_Zone",4
2019.816,"Info","Arena",6,"Enter_Zone",3
2021.213,"Info","Arena",7,"Exit_Zone",3
2021.213,"Info","Arena",7,"Enter_Zone",4
2023.149,"Info","Arena",7,"Exit_Zone",4
2023.149,"Info","Arena",7,"Enter_Zone",2
2024.879,"Info","Arena",2,"Exit_Zone",2
2024.879,"Info","Arena",2,"Enter_Zone",4
2027.745,"Info","Arena",14,"Exit_Zone",4
2027.745,"Info","Arena",14,"Enter_Zone",1
2028.179,"Info","Arena",14,"Exit_Zone",1
2028.179,"Info","Arena",14,"Enter_Zone",4
2028.212,"Info","Arena",14,"Exit_Zone",4
2028.212,"Info","Arena",14,"Enter_Zone",1
2029.778,"Info","Arena",7,"Exit_Zone",2
2029.778,"Info","Arena",7,"Enter_Zone",4
2029.814,"Info","Arena",2,"Exit_Zone",4
2029.814,"Info","Arena",2,"Enter_Zone",1
2030.647,"Info","Arena",14,"Exit_Zone",1
2030.647,"Info","Arena",14,"Enter_Zone",4
2031.980,"Info","Arena",6,"Exit_Zone",3
2031.980,"Info","Arena",6,"Enter_Zone",4
2033.011,"Info","Arena",7,"Exit_Zone",4
2033.011,"Info","Arena",7,"Enter_Zone",3
2036.744,"Info","Arena",6,"Exit_Zone",4
2036.744,"Info","Arena",6,"Enter_Zone",1
2041.209,"Info","Arena",3,"Exit_Zone",4
2041.209,"Info","Arena",3,"Enter_Zone",1
2041.709,"Info","Arena",7,"Exit_Zone",3
2041.709,"Info","Arena",7,"Enter_Zone",4
2044.242,"Info","Arena",6,"Exit_Zone",1
2044.242,"Info","Arena",6,"Enter_Zone",4
2046.310,"Info","Arena",6,"Exit_Zone",4
2046.310,"Info","Arena",6,"Enter_Zone",2
2048.608,"Info","Arena",9,"Exit_Zone",3
2048.608,"Info","Arena",9,"Enter_Zone",4
2048.675,"Info","Arena",9,"Exit_Zone",4
2048.675,"Info","Arena",9,"Enter_Zone",3
2048.810,"Info","Arena",9,"Exit_Zone",3
2048.810,"Info","Arena",9,"Enter_Zone",4
2048.943,"Info","Arena",9,"Exit_Zone",4
2048.943,"Info","Arena",9,"Enter_Zone",3
2049.143,"Info","Arena",9,"Exit_Zone",3
2049.143,"Info","Arena",9,"Enter_Zone",4
2052.341,"Info","Arena",9,"Exit_Zone",4
2052.341,"Info","Arena",9,"Enter_Zone",2
2052.476,"Info","Arena",9,"Exit_Zone",2
2052.476,"Info","Arena",9,"Enter_Zone",4
2052.540,"Info","Arena",9,"Exit_Zone",4
2052.540,"Info","Arena",9,"Enter_Zone",2
2053.240,"Info","Arena",6,"Exit_Zone",2
2053.240,"Info","Arena",6,"Enter_Zone",4
2057.739,"Info","Arena",3,"Exit_Zone",1
2057.739,"Info","Arena",3,"Enter_Zone",4
2059.572,"Info","Arena",6,"Exit_Zone",4
2059.572,"Info","Arena",6,"Enter_Zone",3
2059.839,"Info","Arena",7,"Exit_Zone",4
2059.839,"Info","Arena",7,"Enter_Zone",1
2060.039,"Info","Arena",3,"Exit_Zone",4
2060.039,"Info","Arena",3,"Enter_Zone",2
2060.739,"Info","Arena",9,"Exit_Zone",2
2060.739,"Info","Arena",9,"Enter_Zone",4
2066.038,"Info","Arena",3,"Exit_Zone",2
2066.038,"Info","Arena",3,"Enter_Zone",4
2066.571,"Info","Arena",6,"Exit_Zone",3
2066.571,"Info","Arena",6,"Enter_Zone",4
2069.370,"Info","Arena",6,"Exit_Zone",4
2069.370,"Info","Arena",6,"Enter_Zone",1
2073.336,"Info","Arena",3,"Exit_Zone",4
2073.336,"Info","Arena",3,"Enter_Zone",3
2074.972,"Info","Arena",6,"Exit_Zone",1
2074.972,"Info","Arena",6,"Enter_Zone",4
2076.869,"Info","Arena",6,"Exit_Zone",4
2076.869,"Info","Arena",6,"Enter_Zone",2
2080.972,"Info","Arena",3,"Exit_Zone",3
2080.972,"Info","Arena",3,"Enter_Zone",4
2081.201,"Info","Arena",7,"Exit_Zone",1
2081.201,"Info","Arena",7,"Enter_Zone",4
2082.568,"Info","Arena",6,"Exit_Zone",2
2082.568,"Info","Arena",6,"Enter_Zone",4
2083.001,"Info","Arena",7,"Exit_Zone",4
2083.001,"Info","Arena",7,"Enter_Zone",3
2087.136,"Info","Arena",3,"Exit_Zone",4
2087.136,"Info","Arena",3,"Enter_Zone",2
2087.469,"Info","Arena",6,"Exit_Zone",4
2087.469,"Info","Arena",6,"Enter_Zone",3
2090.866,"Info","Arena",7,"Exit_Zone",3
2090.866,"Info","Arena",7,"Enter_Zone",4
2093.135,"Info","Arena",7,"Exit_Zone",4
2093.135,"Info","Arena",7,"Enter_Zone",2
2095.732,"Info","Arena",6,"Exit_Zone",3
2095.732,"Info","Arena",6,"Enter_Zone",4
2097.098,"Info","Arena",6,"Exit_Zone",4
2097.098,"Info","Arena",6,"Enter_Zone",1
2097.972,"Info","Arena",7,"Exit_Zone",2
2097.972,"Info","Arena",7,"Enter_Zone",4
2099.764,"Info","Arena",7,"Exit_Zone",4
2099.764,"Info","Arena",7,"Enter_Zone",1
2100.800,"Info","Arena",8,"Exit_Zone",3
2100.800,"Info","Arena",8,"Enter_Zone",4
2101.831,"Info","Arena",4,"Exit_Zone",1
2101.831,"Info","Arena",4,"Enter_Zone",4
2102.331,"Info","Arena",3,"Exit_Zone",2
2102.331,"Info","Arena",3,"Enter_Zone",4
2103.799,"Info","Arena",4,"Exit_Zone",4
2103.799,"Info","Arena",4,"Enter_Zone",3
2103.864,"Info","Arena",4,"Exit_Zone",3
2103.864,"Info","Arena",4,"Enter_Zone",4
2104.098,"Info","Arena",4,"Exit_Zone",4
2104.098,"Info","Arena",4,"Enter_Zone",3
2105.263,"Info","Arena",3,"Exit_Zone",4
2105.263,"Info","Arena",3,"Enter_Zone",1
2105.363,"Info","Arena",3,"Exit_Zone",1
2105.363,"Info","Arena",3,"Enter_Zone",4
2105.397,"Info","Arena",3,"Exit_Zone",4
2105.397,"Info","Arena",3,"Enter_Zone",1
2105.430,"Info","Arena",3,"Exit_Zone",1
2105.430,"Info","Arena",3,"Enter_Zone",4
2105.497,"Info","Arena",3,"Exit_Zone",4
2105.497,"Info","Arena",3,"Enter_Zone",1
2107.163,"Info","Arena",7,"Exit_Zone",1
2107.163,"Info","Arena",7,"Enter_Zone",4
2107.230,"Info","Arena",6,"Exit_Zone",1
2107.230,"Info","Arena",6,"Enter_Zone",4
2107.798,"Info","Arena",8,"Exit_Zone",4
2107.798,"Info","Arena",8,"Enter_Zone",2
2108.529,"Info","Arena",7,"Exit_Zone",4
2108.529,"Info","Arena",7,"Enter_Zone",3
2109.096,"Info","Arena",2,"Exit_Zone",1
2109.096,"Info","Arena",2,"Enter_Zone",4
2109.229,"Info","Arena",6,"Exit_Zone",4
2109.229,"Info","Arena",6,"Enter_Zone",3
2109.896,"Info","Arena",4,"Exit_Zone",3
2109.896,"Info","Arena",4,"Enter_Zone",4
2113.428,"Info","Arena",2,"Exit_Zone",4
2113.428,"Info","Arena",2,"Enter_Zone",2
2114.761,"Info","Arena",4,"Exit_Zone",4
2114.761,"Info","Arena",4,"Enter_Zone",2
2116.297,"Info","Arena",6,"Exit_Zone",3
2116.297,"Info","Arena",6,"Enter_Zone",4
2116.494,"Info","Arena",3,"Exit_Zone",1
2116.494,"Info","Arena",3,"Enter_Zone",4
2116.728,"Info","Arena",6,"Exit_Zone",4
2116.728,"Info","Arena",6,"Enter_Zone",3
2117.228,"Info","Arena",6,"Exit_Zone",3
2117.228,"Info","Arena",6,"Enter_Zone",4
2118.796,"Info","Arena",6,"Exit_Zone",4
2118.796,"Info","Arena",6,"Enter_Zone",1
2118.996,"Info","Arena",3,"Exit_Zone",4
2118.996,"Info","Arena",3,"Enter_Zone",3
2122.129,"Info","Arena",2,"Exit_Zone",2
2122.129,"Info","Arena",2,"Enter_Zone",4
2122.860,"Info","Arena",7,"Exit_Zone",3
2122.860,"Info","Arena",7,"Enter_Zone",4
2125.193,"Info","Arena",7,"Exit_Zone",4
2125.193,"Info","Arena",7,"Enter_Zone",2
2127.294,"Info","Arena",6,"Exit_Zone",1
2127.294,"Info","Arena",6,"Enter_Zone",4
2129.758,"Info","Arena",3,"Exit_Zone",3
2129.758,"Info","Arena",3,"Enter_Zone",4
2129.992,"Info","Arena",6,"Exit_Zone",4
2129.992,"Info","Arena",6,"Enter_Zone",3
2132.491,"Info","Arena",3,"Exit_Zone",4
2132.491,"Info","Arena",3,"Enter_Zone",2
2132.658,"Info","Arena",7,"Exit_Zone",2
2132.658,"Info","Arena",7,"Enter_Zone",4
2135.157,"Info","Arena",2,"Exit_Zone",4
2135.157,"Info","Arena",2,"Enter_Zone",1
2135.724,"Info","Arena",7,"Exit_Zone",4
2135.724,"Info","Arena",7,"Enter_Zone",1
2135.824,"Info","Arena",4,"Exit_Zone",2
2135.824,"Info","Arena",4,"Enter_Zone",4
2135.857,"Info","Arena",4,"Exit_Zone",4
2135.857,"Info","Arena",4,"Enter_Zone",2
2136.126,"Info","Arena",4,"Exit_Zone",2
2136.126,"Info","Arena",4,"Enter_Zone",4
2136.257,"Info","Arena",4,"Exit_Zone",4
2136.257,"Info","Arena",4,"Enter_Zone",2
2136.293,"Info","Arena",4,"Exit_Zone",2
2136.293,"Info","Arena",4,"Enter_Zone",4
2137.490,"Info","Arena",6,"Exit_Zone",3
2137.490,"Info","Arena",6,"Enter_Zone",4
2140.423,"Info","Arena",2,"Exit_Zone",1
2140.423,"Info","Arena",2,"Enter_Zone",4
2141.458,"Info","Arena",4,"Exit_Zone",4
2141.458,"Info","Arena",4,"Enter_Zone",3
2142.189,"Info","Arena",6,"Exit_Zone",4
2142.189,"Info","Arena",6,"Enter_Zone",2
2142.423,"Info","Arena",6,"Exit_Zone",2
2142.423,"Info","Arena",6,"Enter_Zone",4
2142.523,"Info","Arena",6,"Exit_Zone",4
2142.523,"Info","Arena",6,"Enter_Zone",2
2142.523,"Info","Arena",7,"Exit_Zone",1
2142.523,"Info","Arena",7,"Enter_Zone",4
2143.960,"Info","Arena",2,"Exit_Zone",4
2143.960,"Info","Arena",2,"Enter_Zone",3
2144.056,"Info","Arena",3,"Exit_Zone",2
2144.056,"Info","Arena",3,"Enter_Zone",4
2144.189,"Info","Arena",3,"Exit_Zone",4
2144.189,"Info","Arena",3,"Enter_Zone",2
2144.222,"Info","Arena",3,"Exit_Zone",2
2144.222,"Info","Arena",3,"Enter_Zone",4
2144.755,"Info","Arena",4,"Exit_Zone",3
2144.755,"Info","Arena",4,"Enter_Zone",4
2145.722,"Info","Arena",9,"Exit_Zone",4
2145.722,"Info","Arena",9,"Enter_Zone",2
2146.355,"Info","Arena",7,"Exit_Zone",4
2146.355,"Info","Arena",7,"Enter_Zone",3
2146.555,"Info","Arena",4,"Exit_Zone",4
2146.555,"Info","Arena",4,"Enter_Zone",3
2146.755,"Info","Arena",4,"Exit_Zone",3
2146.755,"Info","Arena",4,"Enter_Zone",4
2147.822,"Info","Arena",8,"Exit_Zone",2
2147.822,"Info","Arena",8,"Enter_Zone",4
2147.957,"Info","Arena",8,"Exit_Zone",4
2147.957,"Info","Arena",8,"Enter_Zone",2
2148.188,"Info","Arena",4,"Exit_Zone",4
2148.188,"Info","Arena",4,"Enter_Zone",1
2148.355,"Info","Arena",8,"Exit_Zone",2
2148.355,"Info","Arena",8,"Enter_Zone",4
2148.555,"Info","Arena",6,"Exit_Zone",2
2148.555,"Info","Arena",6,"Enter_Zone",4
2150.623,"Info","Arena",3,"Exit_Zone",4
2150.623,"Info","Arena",3,"Enter_Zone",1
2152.623,"Info","Arena",6,"Exit_Zone",4
2152.623,"Info","Arena",6,"Enter_Zone",1
2153.123,"Info","Arena",8,"Exit_Zone",4
2153.123,"Info","Arena",8,"Enter_Zone",1
2154.420,"Info","Arena",7,"Exit_Zone",3
2154.420,"Info","Arena",7,"Enter_Zone",4
2154.887,"Info","Arena",9,"Exit_Zone",2
2154.887,"Info","Arena",9,"Enter_Zone",4
2156.520,"Info","Arena",4,"Exit_Zone",1
2156.520,"Info","Arena",4,"Enter_Zone",4
2156.686,"Info","Arena",7,"Exit_Zone",4
2156.686,"Info","Arena",7,"Enter_Zone",2
2158.486,"Info","Arena",2,"Exit_Zone",3
2158.486,"Info","Arena",2,"Enter_Zone",4
2159.386,"Info","Arena",4,"Exit_Zone",4
2159.386,"Info","Arena",4,"Enter_Zone",2
2162.152,"Info","Arena",7,"Exit_Zone",2
2162.152,"Info","Arena",7,"Enter_Zone",4
2162.219,"Info","Arena",2,"Exit_Zone",4
2162.219,"Info","Arena",2,"Enter_Zone",2
2163.787,"Info","Arena",7,"Exit_Zone",4
2163.787,"Info","Arena",7,"Enter_Zone",1
2163.918,"Info","Arena",4,"Exit_Zone",2
2163.918,"Info","Arena",4,"Enter_Zone",4
2165.453,"Info","Arena",4,"Exit_Zone",4
2165.453,"Info","Arena",4,"Enter_Zone",3
2166.551,"Info","Arena",3,"Exit_Zone",1
2166.551,"Info","Arena",3,"Enter_Zone",4
2168.551,"Info","Arena",12,"Exit_Zone",4
2168.551,"Info","Arena",12,"Enter_Zone",2
2168.786,"Info","Arena",6,"Exit_Zone",1
2168.786,"Info","Arena",6,"Enter_Zone",4
2169.251,"Info","Arena",4,"Exit_Zone",3
2169.251,"Info","Arena",4,"Enter_Zone",4
2169.517,"Info","Arena",3,"Exit_Zone",4
2169.517,"Info","Arena",3,"Enter_Zone",2
2169.584,"Info","Arena",7,"Exit_Zone",1
2169.584,"Info","Arena",7,"Enter_Zone",4
2170.084,"Info","Arena",4,"Exit_Zone",4
2170.084,"Info","Arena",4,"Enter_Zone",1
2172.119,"Info","Arena",6,"Exit_Zone",4
2172.119,"Info","Arena",6,"Enter_Zone",3
2174.883,"Info","Arena",2,"Exit_Zone",2
2174.883,"Info","Arena",2,"Enter_Zone",4
2176.951,"Info","Arena",3,"Exit_Zone",2
2176.951,"Info","Arena",3,"Enter_Zone",4
2177.182,"Info","Arena",4,"Exit_Zone",1
2177.182,"Info","Arena",4,"Enter_Zone",4
2177.915,"Info","Arena",2,"Exit_Zone",4
2177.915,"Info","Arena",2,"Enter_Zone",1
2178.682,"Info","Arena",3,"Exit_Zone",4
2178.682,"Info","Arena",3,"Enter_Zone",1
2178.915,"Info","Arena",4,"Exit_Zone",4
2178.915,"Info","Arena",4,"Enter_Zone",2
2179.882,"Info","Arena",12,"Exit_Zone",2
2179.882,"Info","Arena",12,"Enter_Zone",4
2181.117,"Info","Arena",7,"Exit_Zone",4
2181.117,"Info","Arena",7,"Enter_Zone",3
2184.314,"Info","Arena",4,"Exit_Zone",2
2184.314,"Info","Arena",4,"Enter_Zone",4
2184.950,"Info","Arena",6,"Exit_Zone",3
2184.950,"Info","Arena",6,"Enter_Zone",4
2186.782,"Info","Arena",4,"Exit_Zone",4
2186.782,"Info","Arena",4,"Enter_Zone",1
2188.880,"Info","Arena",7,"Exit_Zone",3
2188.880,"Info","Arena",7,"Enter_Zone",4
2188.950,"Info","Arena",7,"Exit_Zone",4
2188.950,"Info","Arena",7,"Enter_Zone",3
2189.047,"Info","Arena",7,"Exit_Zone",3
2189.047,"Info","Arena",7,"Enter_Zone",4
2190.782,"Info","Arena",3,"Exit_Zone",1
2190.782,"Info","Arena",3,"Enter_Zone",4
2191.513,"Info","Arena",6,"Exit_Zone",4
2191.513,"Info","Arena",6,"Enter_Zone",2
2193.013,"Info","Arena",7,"Exit_Zone",4
2193.013,"Info","Arena",7,"Enter_Zone",1
2194.014,"Info","Arena",3,"Exit_Zone",4
2194.014,"Info","Arena",3,"Enter_Zone",2
2194.346,"Info","Arena",2,"Exit_Zone",1
2194.346,"Info","Arena",2,"Enter_Zone",4
2199.211,"Info","Arena",2,"Exit_Zone",4
2199.211,"Info","Arena",2,"Enter_Zone",2
2200.144,"Info","Arena",7,"Exit_Zone",1
2200.144,"Info","Arena",7,"Enter_Zone",4
2200.311,"Info","Arena",12,"Exit_Zone",4
2200.311,"Info","Arena",12,"Enter_Zone",3
2202.211,"Info","Arena",7,"Exit_Zone",4
2202.211,"Info","Arena",7,"Enter_Zone",3
2206.612,"Info","Arena",6,"Exit_Zone",2
2206.612,"Info","Arena",6,"Enter_Zone",4
2208.676,"Info","Arena",4,"Exit_Zone",1
2208.676,"Info","Arena",4,"Enter_Zone",4
2209.176,"Info","Arena",7,"Exit_Zone",3
2209.176,"Info","Arena",7,"Enter_Zone",4
2211.111,"Info","Arena",4,"Exit_Zone",4
2211.111,"Info","Arena",4,"Enter_Zone",3
2211.142,"Info","Arena",4,"Exit_Zone",3
2211.142,"Info","Arena",4,"Enter_Zone",4
2211.209,"Info","Arena",3,"Exit_Zone",2
2211.209,"Info","Arena",3,"Enter_Zone",4
2211.278,"Info","Arena",3,"Exit_Zone",4
2211.278,"Info","Arena",3,"Enter_Zone",2
2211.278,"Info","Arena",4,"Exit_Zone",4
2211.278,"Info","Arena",4,"Enter_Zone",3
2211.309,"Info","Arena",3,"Exit_Zone",2
2211.309,"Info","Arena",3,"Enter_Zone",4
2211.309,"Info","Arena",4,"Exit_Zone",3
2211.309,"Info","Arena",4,"Enter_Zone",4
2211.309,"Info","Arena",6,"Exit_Zone",4
2211.309,"Info","Arena",6,"Enter_Zone",3
2211.342,"Info","Arena",4,"Exit_Zone",4
2211.342,"Info","Arena",4,"Enter_Zone",3
2211.375,"Info","Arena",3,"Exit_Zone",4
2211.375,"Info","Arena",3,"Enter_Zone",2
2211.375,"Info","Arena",4,"Exit_Zone",3
2211.375,"Info","Arena",4,"Enter_Zone",4
2211.409,"Info","Arena",3,"Exit_Zone",2
2211.409,"Info","Arena",3,"Enter_Zone",4
2211.409,"Info","Arena",4,"Exit_Zone",4
2211.409,"Info","Arena",4,"Enter_Zone",3
2211.575,"Info","Arena",7,"Exit_Zone",4
2211.575,"Info","Arena",7,"Enter_Zone",2
2211.611,"Info","Arena",4,"Exit_Zone",3
2211.611,"Info","Arena",4,"Enter_Zone",4
2211.642,"Info","Arena",4,"Exit_Zone",4
2211.642,"Info","Arena",4,"Enter_Zone",3
2216.208,"Info","Arena",3,"Exit_Zone",4
2216.208,"Info","Arena",3,"Enter_Zone",1
2216.541,"Info","Arena",2,"Exit_Zone",2
2216.541,"Info","Arena",2,"Enter_Zone",4
2217.610,"Info","Arena",7,"Exit_Zone",2
2217.610,"Info","Arena",7,"Enter_Zone",4
2218.374,"Info","Arena",4,"Exit_Zone",3
2218.374,"Info","Arena",4,"Enter_Zone",4
2220.307,"Info","Arena",7,"Exit_Zone",4
2220.307,"Info","Arena",7,"Enter_Zone",1
2220.340,"Info","Arena",4,"Exit_Zone",4
2220.340,"Info","Arena",4,"Enter_Zone",2
2222.973,"Info","Arena",6,"Exit_Zone",3
2222.973,"Info","Arena",6,"Enter_Zone",4
2225.239,"Info","Arena",6,"Exit_Zone",4
2225.239,"Info","Arena",6,"Enter_Zone",1
2225.506,"Info","Arena",4,"Exit_Zone",2
2225.506,"Info","Arena",4,"Enter_Zone",4
2225.706,"Info","Arena",9,"Exit_Zone",4
2225.706,"Info","Arena",9,"Enter_Zone",3
2225.973,"Info","Arena",9,"Exit_Zone",3
2225.973,"Info","Arena",9,"Enter_Zone",4
2226.306,"Info","Arena",9,"Exit_Zone",4
2226.306,"Info","Arena",9,"Enter_Zone",3
2226.672,"Info","Arena",7,"Exit_Zone",1
2226.672,"Info","Arena",7,"Enter_Zone",4
2227.472,"Info","Arena",4,"Exit_Zone",4
2227.472,"Info","Arena",4,"Enter_Zone",1
2228.274,"Info","Arena",7,"Exit_Zone",4
2228.274,"Info","Arena",7,"Enter_Zone",3
2232.805,"Info","Arena",4,"Exit_Zone",1
2232.805,"Info","Arena",4,"Enter_Zone",4
2233.171,"Info","Arena",7,"Exit_Zone",3
2233.171,"Info","Arena",7,"Enter_Zone",4
2233.773,"Info","Arena",4,"Exit_Zone",4
2233.773,"Info","Arena",4,"Enter_Zone",3
2236.737,"Info","Arena",7,"Exit_Zone",4
2236.737,"Info","Arena",7,"Enter_Zone",2
2239.470,"Info","Arena",6,"Exit_Zone",1
2239.470,"Info","Arena",6,"Enter_Zone",4
2239.938,"Info","Arena",4,"Exit_Zone",3
2239.938,"Info","Arena",4,"Enter_Zone",4
2241.303,"Info","Arena",14,"Exit_Zone",4
2241.303,"Info","Arena",14,"Enter_Zone",3
2241.403,"Info","Arena",6,"Exit_Zone",4
2241.403,"Info","Arena",6,"Enter_Zone",2
2241.771,"Info","Arena",4,"Exit_Zone",4
2241.771,"Info","Arena",4,"Enter_Zone",2
2243.702,"Info","Arena",3,"Exit_Zone",1
2243.702,"Info","Arena",3,"Enter_Zone",4
2243.771,"Info","Arena",7,"Exit_Zone",2
2243.771,"Info","Arena",7,"Enter_Zone",4
2244.402,"Info","Arena",2,"Exit_Zone",4
2244.402,"Info","Arena",2,"Enter_Zone",3
2246.002,"Info","Arena",4,"Exit_Zone",2
2246.002,"Info","Arena",4,"Enter_Zone",4
2247.235,"Info","Arena",7,"Exit_Zone",4
2247.235,"Info","Arena",7,"Enter_Zone",1
2247.535,"Info","Arena",4,"Exit_Zone",4
2247.535,"Info","Arena",4,"Enter_Zone",1
2250.973,"Info","Arena",3,"Exit_Zone",4
2250.973,"Info","Arena",3,"Enter_Zone",1
2252.034,"Info","Arena",6,"Exit_Zone",2
2252.034,"Info","Arena",6,"Enter_Zone",4
2256.800,"Info","Arena",2,"Exit_Zone",3
2256.800,"Info","Arena",2,"Enter_Zone",4
2257.133,"Info","Arena",6,"Exit_Zone",4
2257.133,"Info","Arena",6,"Enter_Zone",3
2257.200,"Info","Arena",7,"Exit_Zone",1
2257.200,"Info","Arena",7,"Enter_Zone",4
2259.001,"Info","Arena",7,"Exit_Zone",4
2259.001,"Info","Arena",7,"Enter_Zone",2
2260.066,"Info","Arena",2,"Exit_Zone",4
2260.066,"Info","Arena",2,"Enter_Zone",1
2268.531,"Info","Arena",7,"Exit_Zone",2
2268.531,"Info","Arena",7,"Enter_Zone",4
2271.197,"Info","Arena",7,"Exit_Zone",4
2271.197,"Info","Arena",7,"Enter_Zone",3
2271.599,"Info","Arena",6,"Exit_Zone",3
2271.599,"Info","Arena",6,"Enter_Zone",4
2273.163,"Info","Arena",3,"Exit_Zone",1
2273.163,"Info","Arena",3,"Enter_Zone",4
2273.432,"Info","Arena",6,"Exit_Zone",4
2273.432,"Info","Arena",6,"Enter_Zone",1
2278.972,"Info","Arena",7,"Exit_Zone",3
2278.972,"Info","Arena",7,"Enter_Zone",4
2281.362,"Info","Arena",4,"Exit_Zone",1
2281.362,"Info","Arena",4,"Enter_Zone",4
2282.861,"Info","Arena",6,"Exit_Zone",1
2282.861,"Info","Arena",6,"Enter_Zone",4
2283.228,"Info","Arena",3,"Exit_Zone",4
2283.228,"Info","Arena",3,"Enter_Zone",2
2284.061,"Info","Arena",4,"Exit_Zone",4
2284.061,"Info","Arena",4,"Enter_Zone",2
2285.827,"Info","Arena",6,"Exit_Zone",4
2285.827,"Info","Arena",6,"Enter_Zone",2
2286.061,"Info","Arena",7,"Exit_Zone",4
2286.061,"Info","Arena",7,"Enter_Zone",1
2291.126,"Info","Arena",2,"Exit_Zone",1
2291.126,"Info","Arena",2,"Enter_Zone",4
2293.261,"Info","Arena",2,"Exit_Zone",4
2293.261,"Info","Arena",2,"Enter_Zone",3
2295.225,"Info","Arena",3,"Exit_Zone",2
2295.225,"Info","Arena",3,"Enter_Zone",4
2295.692,"Info","Arena",7,"Exit_Zone",1
2295.692,"Info","Arena",7,"Enter_Zone",4
2297.594,"Info","Arena",4,"Exit_Zone",2
2297.594,"Info","Arena",4,"Enter_Zone",4
2298.658,"Info","Arena",3,"Exit_Zone",4
2298.658,"Info","Arena",3,"Enter_Zone",3
2300.224,"Info","Arena",7,"Exit_Zone",4
2300.224,"Info","Arena",7,"Enter_Zone",3
2304.092,"Info","Arena",4,"Exit_Zone",4
2304.092,"Info","Arena",4,"Enter_Zone",3
2304.457,"Info","Arena",6,"Exit_Zone",2
2304.457,"Info","Arena",6,"Enter_Zone",4
2304.524,"Info","Arena",6,"Exit_Zone",4
2304.524,"Info","Arena",6,"Enter_Zone",2
2304.724,"Info","Arena",6,"Exit_Zone",2
2304.724,"Info","Arena",6,"Enter_Zone",4
2304.926,"Info","Arena",6,"Exit_Zone",4
2304.926,"Info","Arena",6,"Enter_Zone",2
2305.024,"Info","Arena",6,"Exit_Zone",2
2305.024,"Info","Arena",6,"Enter_Zone",4
2306.759,"Info","Arena",7,"Exit_Zone",3
2306.759,"Info","Arena",7,"Enter_Zone",4
2310.122,"Info","Arena",6,"Exit_Zone",4
2310.122,"Info","Arena",6,"Enter_Zone",3
2311.356,"Info","Arena",3,"Exit_Zone",3
2311.356,"Info","Arena",3,"Enter_Zone",4
2313.822,"Info","Arena",3,"Exit_Zone",4
2313.822,"Info","Arena",3,"Enter_Zone",1
2313.990,"Info","Arena",7,"Exit_Zone",4
2313.990,"Info","Arena",7,"Enter_Zone",1
2316.257,"Info","Arena",2,"Exit_Zone",3
2316.257,"Info","Arena",2,"Enter_Zone",4
2316.321,"Info","Arena",2,"Exit_Zone",4
2316.321,"Info","Arena",2,"Enter_Zone",3
2316.455,"Info","Arena",2,"Exit_Zone",3
2316.455,"Info","Arena",2,"Enter_Zone",4
2318.121,"Info","Arena",4,"Exit_Zone",3
2318.121,"Info","Arena",4,"Enter_Zone",4
2318.321,"Info","Arena",2,"Exit_Zone",4
2318.321,"Info","Arena",2,"Enter_Zone",2
2319.954,"Info","Arena",4,"Exit_Zone",4
2319.954,"Info","Arena",4,"Enter_Zone",1
2324.122,"Info","Arena",6,"Exit_Zone",3
2324.122,"Info","Arena",6,"Enter_Zone",4
2324.653,"Info","Arena",2,"Exit_Zone",2
2324.653,"Info","Arena",2,"Enter_Zone",4
2325.422,"Info","Arena",7,"Exit_Zone",1
2325.422,"Info","Arena",7,"Enter_Zone",4
2326.619,"Info","Arena",2,"Exit_Zone",4
2326.619,"Info","Arena",2,"Enter_Zone",3
2328.921,"Info","Arena",4,"Exit_Zone",1
2328.921,"Info","Arena",4,"Enter_Zone",4
2329.587,"Info","Arena",6,"Exit_Zone",4
2329.587,"Info","Arena",6,"Enter_Zone",1
2330.785,"Info","Arena",4,"Exit_Zone",4
2330.785,"Info","Arena",4,"Enter_Zone",2
2332.618,"Info","Arena",7,"Exit_Zone",4
2332.618,"Info","Arena",7,"Enter_Zone",3
2335.184,"Info","Arena",3,"Exit_Zone",1
2335.184,"Info","Arena",3,"Enter_Zone",4
2336.551,"Info","Arena",6,"Exit_Zone",1
2336.551,"Info","Arena",6,"Enter_Zone",4
2337.017,"Info","Arena",2,"Exit_Zone",3
2337.017,"Info","Arena",2,"Enter_Zone",4
2337.984,"Info","Arena",6,"Exit_Zone",4
2337.984,"Info","Arena",6,"Enter_Zone",2
2338.252,"Info","Arena",2,"Exit_Zone",4
2338.252,"Info","Arena",2,"Enter_Zone",2
2341.016,"Info","Arena",3,"Exit_Zone",4
2341.016,"Info","Arena",3,"Enter_Zone",2
2342.349,"Info","Arena",7,"Exit_Zone",3
2342.349,"Info","Arena",7,"Enter_Zone",4
2345.115,"Info","Arena",7,"Exit_Zone",4
2345.115,"Info","Arena",7,"Enter_Zone",1
2348.715,"Info","Arena",4,"Exit_Zone",2
2348.715,"Info","Arena",4,"Enter_Zone",4
2349.515,"Info","Arena",6,"Exit_Zone",2
2349.515,"Info","Arena",6,"Enter_Zone",4
2350.084,"Info","Arena",7,"Exit_Zone",1
2350.084,"Info","Arena",7,"Enter_Zone",4
2350.714,"Info","Arena",4,"Exit_Zone",4
2350.714,"Info","Arena",4,"Enter_Zone",3
2352.416,"Info","Arena",7,"Exit_Zone",4
2352.416,"Info","Arena",7,"Enter_Zone",2
2352.447,"Info","Arena",3,"Exit_Zone",2
2352.447,"Info","Arena",3,"Enter_Zone",4
2353.114,"Info","Arena",6,"Exit_Zone",4
2353.114,"Info","Arena",6,"Enter_Zone",3
2353.847,"Info","Arena",2,"Exit_Zone",2
2353.847,"Info","Arena",2,"Enter_Zone",4
2357.446,"Info","Arena",7,"Exit_Zone",2
2357.446,"Info","Arena",7,"Enter_Zone",4
2357.846,"Info","Arena",3,"Exit_Zone",4
2357.846,"Info","Arena",3,"Enter_Zone",3
2357.915,"Info","Arena",3,"Exit_Zone",3
2357.915,"Info","Arena",3,"Enter_Zone",4
2358.779,"Info","Arena",2,"Exit_Zone",4
2358.779,"Info","Arena",2,"Enter_Zone",1
2359.581,"Info","Arena",6,"Exit_Zone",3
2359.581,"Info","Arena",6,"Enter_Zone",4
2360.212,"Info","Arena",13,"Exit_Zone",1
2360.212,"Info","Arena",13,"Enter_Zone",4
2360.946,"Info","Arena",5,"Exit_Zone",3
2360.946,"Info","Arena",5,"Enter_Zone",4
2363.581,"Info","Arena",13,"Exit_Zone",4
2363.581,"Info","Arena",13,"Enter_Zone",2
2363.778,"Info","Arena",4,"Exit_Zone",3
2363.778,"Info","Arena",4,"Enter_Zone",4
2364.445,"Info","Arena",6,"Exit_Zone",4
2364.445,"Info","Arena",6,"Enter_Zone",2
2364.478,"Info","Arena",7,"Exit_Zone",4
2364.478,"Info","Arena",7,"Enter_Zone",1
2364.812,"Info","Arena",5,"Exit_Zone",4
2364.812,"Info","Arena",5,"Enter_Zone",2
2364.845,"Info","Arena",5,"Exit_Zone",2
2364.845,"Info","Arena",5,"Enter_Zone",4
2364.878,"Info","Arena",5,"Exit_Zone",4
2364.878,"Info","Arena",5,"Enter_Zone",2
2364.914,"Info","Arena",5,"Exit_Zone",2
2364.914,"Info","Arena",5,"Enter_Zone",4
2364.945,"Info","Arena",5,"Exit_Zone",4
2364.945,"Info","Arena",5,"Enter_Zone",2
2364.979,"Info","Arena",5,"Exit_Zone",2
2364.979,"Info","Arena",5,"Enter_Zone",4
2365.012,"Info","Arena",5,"Exit_Zone",4
2365.012,"Info","Arena",5,"Enter_Zone",2
2365.045,"Info","Arena",5,"Exit_Zone",2
2365.045,"Info","Arena",5,"Enter_Zone",4
2365.080,"Info","Arena",5,"Exit_Zone",4
2365.080,"Info","Arena",5,"Enter_Zone",2
2365.611,"Info","Arena",3,"Exit_Zone",4
2365.611,"Info","Arena",3,"Enter_Zone",3
2366.511,"Info","Arena",4,"Exit_Zone",4
2366.511,"Info","Arena",4,"Enter_Zone",1
2371.677,"Info","Arena",7,"Exit_Zone",1
2371.677,"Info","Arena",7,"Enter_Zone",4
2375.911,"Info","Arena",3,"Exit_Zone",3
2375.911,"Info","Arena",3,"Enter_Zone",4
2376.745,"Info","Arena",4,"Exit_Zone",1
2376.745,"Info","Arena",4,"Enter_Zone",4
2377.476,"Info","Arena",6,"Exit_Zone",2
2377.476,"Info","Arena",6,"Enter_Zone",4
2379.042,"Info","Arena",7,"Exit_Zone",4
2379.042,"Info","Arena",7,"Enter_Zone",2
2379.509,"Info","Arena",6,"Exit_Zone",4
2379.509,"Info","Arena",6,"Enter_Zone",3
2379.842,"Info","Arena",5,"Exit_Zone",2
2379.842,"Info","Arena",5,"Enter_Zone",4
2380.342,"Info","Arena",4,"Exit_Zone",4
2380.342,"Info","Arena",4,"Enter_Zone",2
2380.442,"Info","Arena",3,"Exit_Zone",4
2380.442,"Info","Arena",3,"Enter_Zone",1
2385.607,"Info","Arena",6,"Exit_Zone",3
2385.607,"Info","Arena",6,"Enter_Zone",4
2388.174,"Info","Arena",14,"Exit_Zone",3
2388.174,"Info","Arena",14,"Enter_Zone",4
2388.207,"Info","Arena",14,"Exit_Zone",4
2388.207,"Info","Arena",14,"Enter_Zone",3
2388.242,"Info","Arena",14,"Exit_Zone",3
2388.242,"Info","Arena",14,"Enter_Zone",4
2388.274,"Info","Arena",14,"Exit_Zone",4
2388.274,"Info","Arena",14,"Enter_Zone",3
2388.307,"Info","Arena",14,"Exit_Zone",3
2388.307,"Info","Arena",14,"Enter_Zone",4
2388.440,"Info","Arena",14,"Exit_Zone",4
2388.440,"Info","Arena",14,"Enter_Zone",3
2388.873,"Info","Arena",6,"Exit_Zone",4
2388.873,"Info","Arena",6,"Enter_Zone",1
2389.575,"Info","Arena",5,"Exit_Zone",4
2389.575,"Info","Arena",5,"Enter_Zone",2
2390.873,"Info","Arena",14,"Exit_Zone",3
2390.873,"Info","Arena",14,"Enter_Zone",4
2390.909,"Info","Arena",14,"Exit_Zone",4
2390.909,"Info","Arena",14,"Enter_Zone",3
2390.973,"Info","Arena",14,"Exit_Zone",3
2390.973,"Info","Arena",14,"Enter_Zone",4
2391.006,"Info","Arena",14,"Exit_Zone",4
2391.006,"Info","Arena",14,"Enter_Zone",3
2391.040,"Info","Arena",14,"Exit_Zone",3
2391.040,"Info","Arena",14,"Enter_Zone",4
2391.140,"Info","Arena",14,"Exit_Zone",4
2391.140,"Info","Arena",14,"Enter_Zone",3
2391.373,"Info","Arena",14,"Exit_Zone",3
2391.373,"Info","Arena",14,"Enter_Zone",4
2391.440,"Info","Arena",14,"Exit_Zone",4
2391.440,"Info","Arena",14,"Enter_Zone",3
2391.540,"Info","Arena",14,"Exit_Zone",3
2391.540,"Info","Arena",14,"Enter_Zone",4
2391.575,"Info","Arena",14,"Exit_Zone",4
2391.575,"Info","Arena",14,"Enter_Zone",3
2391.806,"Info","Arena",14,"Exit_Zone",3
2391.806,"Info","Arena",14,"Enter_Zone",4
2392.539,"Info","Arena",14,"Exit_Zone",4
2392.539,"Info","Arena",14,"Enter_Zone",3
2392.575,"Info","Arena",14,"Exit_Zone",3
2392.575,"Info","Arena",14,"Enter_Zone",4
2393.639,"Info","Arena",3,"Exit_Zone",1
2393.639,"Info","Arena",3,"Enter_Zone",4
2396.772,"Info","Arena",3,"Exit_Zone",4
2396.772,"Info","Arena",3,"Enter_Zone",2
2397.741,"Info","Arena",6,"Exit_Zone",1
2397.741,"Info","Arena",6,"Enter_Zone",4
2399.538,"Info","Arena",7,"Exit_Zone",2
2399.538,"Info","Arena",7,"Enter_Zone",4
2400.605,"Info","Arena",4,"Exit_Zone",2
2400.605,"Info","Arena",4,"Enter_Zone",4
2401.505,"Info","Arena",6,"Exit_Zone",4
2401.505,"Info","Arena",6,"Enter_Zone",3
""
"","","","","A1_ZONE1","A1_ZONE2","A1_ZONE3","A2_ZONE1","A2_ZONE2","A2_ZONE3","A3_ZONE1","A3_ZONE2","A3_ZONE3","A4_ZONE1","A4_ZONE2","A4_ZONE3","A5_ZONE1","A5_ZONE2","A5_ZONE3","A6_ZONE1","A6_ZONE2","A6_ZONE3","A7_ZONE1","A7_ZONE2","A7_ZONE3","A8_ZONE1","A8_ZONE2","A8_ZONE3","A9_ZONE1","A9_ZONE2","A9_ZONE3","A10_ZONE1","A10_ZONE2","A10_ZONE3","A11_ZONE1","A11_ZONE2","A11_ZONE3","A12_ZONE1","A12_ZONE2","A12_ZONE3","A13_ZONE1","A13_ZONE2","A13_ZONE3","A14_ZONE1","A14_ZONE2","A14_ZONE3","A15_ZONE1","A15_ZONE2","A15_ZONE3"
2402.362,"","","TOTAL_ZONE_DISTANCES",0.0,10.7,0.0,220.2,141.4,164.4,314.9,191.2,193.0,169.6,145.2,138.7,0.0,34.1,34.8,702.4,607.4,611.6,823.8,714.2,766.7,34.8,13.7,21.1,28.1,49.5,48.3,0.0,0.0,17.2,14.6,16.7,19.7,0.0,7.7,7.7,49.7,26.2,34.4,16.0,0.0,17.0,0.0,0.0,0.0
2402.363,"","","TOTAL_ZONE_COUNTS",0,1,0,12,11,17,21,22,20,10,13,33,0,7,3,50,54,48,59,60,69,3,2,2,2,7,7,0,0,1,1,1,3,0,2,1,4,4,3,4,0,15,0,0,0
2402.364,"","","TOTAL_ZONE_TIMERS",0.000,1800.992,0.000,1250.006,135.008,192.421,580.907,362.836,236.452,1122.316,226.928,364.141,0.000,71.267,1685.435,462.114,411.296,439.456,450.106,384.406,384.011,922.896,40.421,808.974,28.027,57.228,1464.421,0.000,0.000,1800.989,37.556,44.689,849.897,0.000,754.751,202.041,463.308,49.602,1190.693,1263.350,0.000,278.641,0.000,0.000,0.000
2402.366,"Info","2001-04-22 04:00:32","Service 'E_ymaze_droso' : Execution end (frame times: avg 32ms, max 46ms)"
